submission_id,source_run_id,control_submission_id,submitted_at_local,daily_slot,hypothesis,primary_change,archive_filename,archive_sha256,s_result_sha256,l_result_sha256,official_score,short_accuracy,short_g1_accuracy,short_gall_accuracy,short_file_score,long_accuracy,long_g1_accuracy,long_gall_accuracy,long_file_score,anomaly_status,is_official_best,reproducibility_status,notes
legacy_v9_20260927,,,2026-09-27,,historical_external_best,g1_tree_fuel_blend,unknown,unknown,unknown,unknown,52.4085,0.8908,0.8513,0.9304,28.6268,0.8293,0.8009,0.8577,23.7817,normal,False,incomplete,Historical evidence only; not a round2_v3 reproducible submission
external_v15_60_5717,,,,unknown,recent-window tree and September fuel blending improve October regime transfer,"v15 external reference reconstructed from the supplied reproduction manual",unknown,unknown,unknown,unknown,60.5717,0.9109,0.8914,0.9304,,0.8447,0.8249,0.8644,,normal,False,recipe_and_code_available_submission_archive_not_frozen,"Score and component metrics transcribed from AI复现手册_60分保底.md; exact submission ZIP not supplied in this evidence set"
20260929T212923_calibration_baseline_v1_91cd219d33,20260929T124936Z_r2v3_baseline_46e02afe85,,2026-09-29 21:44:10,unknown,the leakage-safe v3 baseline provides a trustworthy external calibration point on the October hidden target,first v3 platform calibration submission,这模型调的有力量_gas_predict_final.zip,364893241bb5937599b18d1f39780b3dc1e968849672584b81f3e7eeaaccb35a,3842db29f82b6b57bbf8068ae764571a8857ee0c8e72ce22b485c11ac483c918,722c1346551dbd55881b50106cb3c5d65c186e38c4f54da1f4c0a53b0a9229cd,48.9241,,,,,,,,,normal,False,complete,Official platform returned total score only; 3.4844 below legacy v9 and rejected as performance candidate
external_v28_61_5824,20260930T_nogate_v28,,,unknown,restored active industrial columns and regime-aware recent training improve October transfer,"restored BF3/AH3/AH5/converter_user1; g1 September trees; gall full-window trees; horizon-dependent fuel blend; no applied gate",这模型调的有力量_gas_predict_semi.zip,78b0e4eb024e5cc1d058bb8a77a9ac506246304105bbdb070cedaaa91071b12f,e96e633801c2d577006670ea178904e253f5e1da75faaa000a0e264eaf3b4a4f,3c6e55d4d92b8ecee65609abb6784a9fe15178afc2f1f7cf04966372bf28de28,61.5824,0.90845,0.8924,0.9245,,0.84965,0.8296,0.8697,,normal,False,source_resolved_independent_rebuild_pending,"Latest handover identifies the frozen CSVs as v28; package-internal ZIP hash 028c49371cc6fed3773e3e63b2c745019e71255a602a4d3573475c978c71799f; component metrics transcribed from the full trial archive"
external_v29b_63_4621,20261001T_v29b_fixed,external_v28_61_5824,,unknown,combining the strongest officially verified target-period components improves the platform total,"short g1 from v16_final; long g1 from v28; short and long generator_all from v20 gated engine",这模型调的有力量_gas_predict_semi.zip,297569197c6b7e6752d53670b51e89b67c793b852f50e0c791c2bb2f2662dbb9,63c1ed03a9549ec8aeb83012f21edab221dcc74ed6a459e927e2d319fa92be76,088282fc08e9b9ac568983f846fa65ef26c748de18576eae1cd50107d0984da1,63.4621,0.9161,0.8947,0.9374,,0.8525,0.8296,0.8754,,normal,True,artifact_frozen_source_components_available_independent_full_rebuild_pending,"Official best confirmed by 2026-10-04 top-three archive; exact ZIP and CSV hashes match the previously frozen v29b candidate"
20261004T153207_dynamic_fuel_probe_v1_98feef8d8a,20261004T070858Z_dynamic_fuel_g1_31e2a08193,external_v29b_63_4621,2026-10-04,unknown,"The large OOF gain from horizon-specific dynamic fuel transfers to October when used only for long generator_1, while v29b short and generator_all stay frozen.",replace only v29b long generator_1 with the exactly tested formula: 70 percent full-history-refit dynamic-fuel OLS plus 30 percent frozen v3 baseline long generator_1 test prediction.,这模型调的有力量_gas_predict_semi.zip,9c5e7fb36cac5f53db2053198f5180f926ccdbed7745d507979e887f34a5f1de,63c1ed03a9549ec8aeb83012f21edab221dcc74ed6a459e927e2d319fa92be76,0bc1ac8f3e58fd8ab3c7a70c39e2c5fdaeafe36577f01b0b24618ba37900414b,62.807,,,,,,,,,unknown_not_reported,False,complete_rejected_platform_probe,"Official score was 0.6551 below v29b. Only long generator_1 changed, so the full-period dynamic-fuel replacement direction is rejected; no unreported component scores were inferred."
20261004T211137_long_gall_shared_probe_v1_13414ee11a,20261004T125203Z_long_gall_shared_c83510959a,external_v29b_63_4621,2026-10-04,unknown,The shared-horizon old-column tree transfers its positive long generator_all OOF gain to October when the rest of the v20 recipe and all v29b blocks are frozen.,"replace only v29b long generator_all with a full-history refit of the exactly tested shared-horizon tree inside the frozen v20 fuel, climatology and causal-gate recipe.",这模型调的有力量_gas_predict_semi.zip,088cf72118dceb9345160090e8387f4384868f8e16edea589d52b4ba22fccf05,63c1ed03a9549ec8aeb83012f21edab221dcc74ed6a459e927e2d319fa92be76,9df6cba67b285140ab5e37dce68b4834fa09dcba7d98ca994cb6438e6779895a,63.4539,,,,,,,,,unknown_not_reported,False,complete_rejected_platform_probe,Official score was 0.0082 below v29b and within documented platform noise; no evidence of improvement. Only long generator_all changed; shared-gall submission route closed.
20261004T222400_long_g1_shared_probe_v1_c43f5871b9,20261004T122856Z_long_g1_shared_85d58617c3,external_v29b_63_4621,2026-10-04,unknown,The August-September shared-horizon v28 tree transfers its stable three-fold long generator_1 gain to October while the v29b short and generator_all blocks remain frozen.,replace only v29b long generator_1 with the full-fit shared-horizon v2 tree combined with the exactly frozen v28 September fuel recipe.,这模型调的有力量_gas_predict_semi.zip,5a77a0ce506ddf1e56c43b5d0dc39c6cb7836bbd2417adb18f6fc8fc2147a3df,63c1ed03a9549ec8aeb83012f21edab221dcc74ed6a459e927e2d319fa92be76,176fadb3c6faa58f2a49aceb98faa85d49806ef7f28c2fde692ed9452069768d,63.1044,,,,,,,,,unknown_not_reported,False,complete_rejected_platform_probe,Official score was 0.3577 below v29b. Only long generator_1 changed; shared-horizon submission route closed.
20261004T234025_holiday_long_g1_probe_v1_239cbda25b,20261004T153231Z_holiday_audit_75f9b001b3,external_v29b_63_4621,2026-10-04,unknown,A conservative holiday-specific downward correction to the deployed v28 generator_1 fuel component transfers from the independent Labor Day and Dragon Boat blocks to the October National Day target interval.,change only v29b long generator_1 cells whose 15-minute target interval starts on 2025-10-01 through 2025-10-08 by scaling the September OLS fuel component from 1.00 to the preregistered fixed value 0.95.,这模型调的有力量_gas_predict_semi.zip,380134a05ad54ce532b92f7cf958ba1dd86df0859a71a7bd16bc40c7880425e0,63c1ed03a9549ec8aeb83012f21edab221dcc74ed6a459e927e2d319fa92be76,01c4e31ed9745d83cbb2be6b8a8b203e4fe9f184d1835835e719cb569daa990a,63.3013,,,,,,,,,unknown_not_reported,False,complete_rejected_platform_probe,"Official score was 0.1608 below v29b. Only holiday-target long g1 changed; holiday scale/date scanning is closed."
20261005T141706_short_dynamic_cap_probe_v1_6399bf5d47,20261004T160243Z_short_dynamic_cap_896d8696e5,external_v29b_63_4621,2026-10-05,unknown,The cross-horizon short generator_1 gain from causal dynamic-fuel OLS transfers to October when its correction relative to the frozen v29b lineage is capped symmetrically at five MW.,"replace only v29b short generator_1 with v29b + clip(0.70 * (dynamic_fuel_ols - v29b), -5, +5) MW.",这模型调的有力量_gas_predict_semi.zip,658ffde82aadcc0b69b2fa555915611f4e37c222e25947d35e9563488709ef2d,cb162f24767a5197599389c17251730f18a4bff659a8b97a03d636e9e84762b6,088282fc08e9b9ac568983f846fa65ef26c748de18576eae1cd50107d0984da1,62.7247,,,,,,,,,unknown_not_reported,False,complete_rejected_platform_probe,"Official score was 0.7374 below v29b. Only short generator_1 changed; dynamic short-g1, cap, and expert-gate routes are closed. No component score was inferred."
