record_id,competition_stage,platform_team_id,team_name,submitted_at_local,score_published_at_local,timezone,leaderboard_rank_snapshot,official_score,official_score_scope,submission_version,selected_model,source_development_run_id,source_code_commit,local_artifact_filename,local_artifact_sha256,input_rows,input_columns,prediction_columns,holdout_evaluated,evidence_source,notes
prelim_20260918_103822_persistence_v1,prelim,AIC-2026-84933645,这模型调的有力量,2026-09-18 10:38:22,2026-09-18 10:38:34,Asia/Shanghai,74,83.5246,official_prelim_composite_hidden_test,persistence_v1,persistence,20260918T020820Z_af4c0587_74e8c6f5,1f2d821f9dbc7333b840c525ace7b8f045c69b13,这模型调的有力量.zip,1335b989ba55ff9cee6481efa9c24316a2cddcf8137c24c18c3b13507e87a58f,192,26,17,False,user_reported_scoreboard_table,First pure baseline probe; rank is a point-in-time snapshot
prelim_20260920_001850_anomaly,prelim,AIC-2026-84933645,这模型调的有力量,2026-09-20 00:18:50,2026-09-20 00:19:17,Asia/Shanghai,79,83.5246,official_prelim_composite_hidden_test,unknown_suspected_persistence_content,persistence_suspected,20260919T151849Z_da27404d_74e8c6f5,da27404,unknown_upload,unknown,unknown,unknown,unknown,False,user_reported_scoreboard_table,"Score identical to 20260918 persistence probe to 4 decimals; v5 content differs by 7.48MW mean on generator_all, so platform likely scored persistence content (wrong local file with identical filename, since archived, or platform replay). Re-submission at 00:30 resolved it."
prelim_20260920_003043_v5_composed,prelim,AIC-2026-84933645,这模型调的有力量,2026-09-20 00:30:43,2026-09-20 00:30:46,Asia/Shanghai,74,86.1107,official_prelim_composite_hidden_test,v5_composed,"per_target: g1=persistence, gall=lightgbm_v2_physics",20260919T152802Z_da27404d_4265ba6e,da27404,这模型调的有力量_gas_predict_prelim.zip,4f60490930fb65274ade19fc155b6d182b06348eb0707325242479962723101c,192,88,17,False,user_reported_scoreboard_table,First v5 composed submission; +2.5861 vs persistence probe; dev composed estimate was 1-MAPE 0.944029.
prelim_20260920_092901_round2_composed,prelim,AIC-2026-84933645,这模型调的有力量,pending_user_upload,pending_user_upload,Asia/Shanghai,,,official_prelim_composite_hidden_test,round2_composed,"per_target: g1=lightgbm_residual_v7, gall=lightgbm_ratio_v8",20260920T043055Z_da27404d_5aa2b13f,da27404,这模型调的有力量_gas_predict_prelim.zip,96069ff4b6b255b969a2d6b7a80b6ff303e745995df1428fb35e6757037bc97e,192,87,17,False,pending_user_upload,"Round-2 composed; dev composed estimate 1-MAPE 0.945600 (pooled MAPE 0.054400), better than v5 0.055971; awaiting official upload."
semi_20260926_141637_semi_covprobe_v1,semi,AIC-2026-84933645,这模型调的有力量,2026-09-26 14:30:00,2026-09-26 14:40:00,Asia/Shanghai,,22,official_semi_hidden_test,semi_covprobe_v1,"per_target: g1=lightgbm_direct_covariate_semi, gall=lightgbm_direct_covariate_semi",20260926T061637Z_semi_covprobe_v1,da27404+semi,这模型调的有力量_gas_predict_semi.zip,67ac17b79c854f0db6e587a64a393a881761b0f99f64f4c80a476d5bdf496ad3,960,25,193,False,user_reported_scoreboard_table,Uploaded; official 22. Root cause: wrong package format (input.csv+s_result.csv prelim style; s_result origins were May prelim period). Official Q&A: semifinal needs only two prefixed result files. Superseded by dual_result_v2.
semi_20260926_dual_result_v2,semi,AIC-2026-84933645,这模型调的有力量,pending_user_upload,pending_user_upload,Asia/Shanghai,,,official_semi_hidden_test,semi_dual_result_v2,"per_target: g1=lightgbm_direct_covariate_semi, gall=lightgbm_direct_covariate_semi",20260926T_dual_result_v2,da27404+semi,这模型调的有力量_gas_predict_semi.zip,7b8c993711373db6d8e14b2dbd3b0cbee39fd60bd80e7fd1e464e29e8bcbc252,960,17(s)+193(l),,False,pending_user_upload,"Semifinal dual result files (s_result short t+15..t+120, l_result long t+15..t+1440); no input.csv per official Q&A; same covariate-only LightGBM kernel as v1; dev_03 pooled MAPE 0.088393 vs persistence 0.112496; awaiting official upload."
semi_20260926_min1_broadcast_v3,semi,AIC-2026-84933645,这模型调的有力量,pending_user_upload,pending_user_upload,Asia/Shanghai,,,official_semi_hidden_test,min1_broadcast_v3,"broadcast of dual_result_v2 to 14400 min origins, causal nearest-step",20260926T_min1_broadcast_v3,da27404+semi,这模型调的有力量_gas_predict_semi.zip,569b643978a025c8ded9cfc03db6c564166851b565f4986ee0641e94bd78a0d9,14400,17(s)+193(l),,False,pending_user_upload,"Coverage/grid hypothesis test: 14400 one-minute origins, broadcast predictions; awaiting upload."
semi_20260926_min1_native_v4,semi,AIC-2026-84933645,这模型调的有力量,pending_user_upload,pending_user_upload,Asia/Shanghai,,,official_semi_hidden_test,min1_native_v4,per_target: lightgbm_direct_covariate_semi on native 1-min timeline,20260926T_min1_native_v4,da27404+semi,这模型调的有力量_gas_predict_semi.zip,360cecba42ca90233e81eeafc0293a5bee4e5df824c67a7b4e6c97f527bc24bf,14400,17(s)+193(l),,False,pending_user_upload,"Native 1-min retrain (217440 rows, minute-scaled windows); zero-staleness predictions; awaiting upload."
semi_20260927_smooth_shrink_v7,semi,AIC-2026-84933645,这模型调的有力量,"2026-09-27 (user upload, score delayed ~1h+)",2026-09-27,Asia/Shanghai,,,official_semi_hidden_test,smooth_shrink_v7,dual_result_v2 + step smoothing + gall x0.96,20260926T_smooth_shrink_v7,da27404+semi,这模型调的有力量_gas_predict_semi.zip,0394c0cfb6ca6106b6e8107a046d6d6e6edfa40f20a7f7988474244aa3e4591f,960,17(s)+193(l),,False,platform_scoreboard_detail,"Official 47.312 total. BREAKDOWN: short acc 87.70% (g1 83.40, gall 92.00) score 26.5445/50; long acc 81.92% (g1 78.65, gall 85.20) score 20.7675/50; anomaly=normal. Decoded law: file_score = acc% - 61.155 (both files, in current region). smoothing+shrink HURT vs v2 48.9103. g1 is the bottleneck target."
