run_id,status,experiment_role,task,protocol_version,label_version,split_sha256,control_run_id,hypothesis,primary_change,model_name,short_mape,long_mape,short_g1_mape,short_gall_mape,long_g1_mape,long_gall_mape,holdout_evaluated,submission_eligible,git_commit,git_dirty,started_at,ended_at,duration_seconds,artifact_directory,notes

20260929T124109Z_r2v3_baseline_b19a28a9ec,failed,competition,round2_short_and_long_forecast,round2_v3,round2_v3_labels_1,0d567fd1ba9e422465316ac2d1daa5cb5424eafc094fa4076ae645a4ad5c578f,,correct interval labels plus causal process history should establish a trustworthy v3 control,"first reproducible v3 baseline under frozen label, feature, split and metric contracts",calendar_profile+lightgbm_shared_horizon,,,,,,,False,False,da27404d53fc711836f8c1e8dba973a51bc19c1e,True,2026-09-29T12:41:09.619950+00:00,2026-09-29T12:41:12.172787+00:00,2.553,outputs/round2_v3/baseline_runs/20260929T124109Z_r2v3_baseline_b19a28a9ec,NameError: name 'TARGET_CALENDAR_COLUMNS' is not defined
20260929T124936Z_r2v3_baseline_46e02afe85,completed,competition,round2_short_and_long_forecast,round2_v3,round2_v3_labels_1,0d567fd1ba9e422465316ac2d1daa5cb5424eafc094fa4076ae645a4ad5c578f,,correct interval labels plus causal process history should establish a trustworthy v3 control,"first reproducible v3 baseline under frozen label, feature, split and metric contracts",calendar_profile+lightgbm_shared_horizon,0.11674890088260147,0.15469480983830572,0.15019825812385146,0.08329954364135145,0.15537513570937028,0.15401448396724116,False,False,da27404d53fc711836f8c1e8dba973a51bc19c1e,True,2026-09-29T12:49:36.877956+00:00,2026-09-29T12:55:34.958330+00:00,358.08,outputs/round2_v3/baseline_runs/20260929T124936Z_r2v3_baseline_46e02afe85,first formal v3 OOF baseline; platform test not evaluated
20260929T131221Z_r2v3_hierarchy_af50589323,completed,competition,round2_hierarchical_target_experiment,round2_v3,round2_v3_labels_1,0d567fd1ba9e422465316ac2d1daa5cb5424eafc094fa4076ae645a4ad5c578f,20260929T124936Z_r2v3_baseline_46e02afe85,"large-unit load is more stable than direct small-unit load, so hierarchical reconstruction may improve generator_1",replace direct generator_1 target with large_units=generator_all-generator_1 and reconstruct generator_1,hierarchical_constrained,0.12081877002165611,0.1647652549325611,0.1583379964019599,0.08329954364135236,0.17551602589788146,0.15401448396724077,False,False,da27404d53fc711836f8c1e8dba973a51bc19c1e,True,2026-09-29T13:12:21.856831+00:00,2026-09-29T13:15:29.204164+00:00,187.348,outputs/round2_v3/hierarchical_runs/20260929T131221Z_r2v3_hierarchy_af50589323,controlled target-representation experiment; generator_all reused from control
20261002T065908Z_component_ladder_sg1w000_lg1w000_f16bf5aa2d,completed,competition,round2_external_component_ladder,round2_v3,,,external_v28_61_5824,v29b historical best components can improve the v28 platform control,freeze the received v29b candidate as the zero-weight platform anchor,external_component_passthrough,,,,,,,False,False,5e3afa124fc89caec20fa05d07be41fe70286516,True,2026-10-02T14:59:08.665052+08:00,2026-10-02T14:59:09.069052+08:00,0.404,outputs/round2_v3/component_ladder_runs/20261002T065908Z_component_ladder_sg1w000_lg1w000_f16bf5aa2d,duplicate of the now-confirmed official v29b 63.4621 package; no resubmission needed
20261002T065908Z_component_ladder_sg1w000_lg1w050_f16bf5aa2d,completed,competition,round2_external_component_ladder,round2_v3,,,20261002T065908Z_component_ladder_sg1w000_lg1w000_f16bf5aa2d,a convex blend with v34 improves long generator_1 regime transfer,replace only long generator_1 with 50 percent v29b plus 50 percent v34,external_component_blend,,,,,,,False,False,5e3afa124fc89caec20fa05d07be41fe70286516,True,2026-10-02T14:59:08.925043+08:00,2026-10-02T14:59:09.536043+08:00,0.611,outputs/round2_v3/component_ladder_runs/20261002T065908Z_component_ladder_sg1w000_lg1w050_f16bf5aa2d,rejected before submission after official v34b showed the full-v34 long g1 endpoint underperformed v29b
20261004T052259Z_step_event_audit_0057a685f6,completed,diagnostic,round2_long_g1_step_event_audit,round2_v3,round2_v3_labels_1,,external_v29b_63_4621,causal process signals before low-fuel episodes may distinguish sustained generator_1 drops,replicate legacy event days and audit matched causal precursors without model training,step_event_audit,,,,,,,False,False,5e3afa124fc89caec20fa05d07be41fe70286516,True,2026-10-04T05:22:59.188868+00:00,2026-10-04T05:23:09.707246+00:00,10.52,outputs/round2_v3/diagnostics/step_event_audits/20261004T052259Z_step_event_audit_0057a685f6,24 event days collapse to 13 episodes; conditionally advance process-only feature ablation
20261004T062435Z_event_signal_ablation_3cc01b0f7b,completed,scientific,long_generator_1_process_signal_ablation,round2_v3,round2_v3_labels_1,0d567fd1ba9e422465316ac2d1daa5cb5424eafc094fa4076ae645a4ad5c578f,20260929T124936Z_r2v3_baseline_46e02afe85,"A compact set of causal gas-production, generator-fuel, holder-2 and gas-balance dynamics improves long generator_1 on independent low-fuel episodes without degrading ordinary origins.",five pre-registered causal process feature groups for long generator_1,lightgbm_shared_horizon_event_feature_ablation,,,,,0.1515796955512675,,False,False,5e3afa124fc89caec20fa05d07be41fe70286516,True,2026-10-04T06:24:35.754291+00:00,2026-10-04T06:35:00.026900+00:00,624.271,outputs/round2_v3/event_signal_ablation_runs/20261004T062435Z_event_signal_ablation_3cc01b0f7b,"best_oof=control_plus_bf_production; promotion_passed=[]; scientific comparison only, not v29b OOF"
20261004T070858Z_dynamic_fuel_g1_31e2a08193,completed,scientific,long_generator_1_horizon_specific_dynamic_fuel,round2_v3,round2_v3_labels_1,0d567fd1ba9e422465316ac2d1daa5cb5424eafc094fa4076ae645a4ad5c578f,20260929T124936Z_r2v3_baseline_46e02afe85,"A fold-local horizon-specific linear model of future generator_1 from causal generator fuel history improves long generator_1 more than a static origin-fuel anchor, without relying on future process observations.",horizon-specific 21-day dynamic fuel OLS for long generator_1,dynamic_fuel_ols_blend70_control30,,,,,0.12169990544605164,,False,False,5e3afa124fc89caec20fa05d07be41fe70286516,True,2026-10-04T07:08:57.314160+00:00,2026-10-04T07:10:28.434428+00:00,91.12,outputs/round2_v3/dynamic_fuel_runs/20261004T070858Z_dynamic_fuel_g1_31e2a08193,"promotion_candidate=blend_dynamic70_control30; promotion_passed=[]; scientific OOF only, not v29b OOF"
20261004T072315Z_dynamic_fuel_g1_5ad785fc3f,completed,scientific,long_generator_1_horizon_specific_dynamic_fuel_56d_stability,round2_v3,round2_v3_labels_1,0d567fd1ba9e422465316ac2d1daa5cb5424eafc094fa4076ae645a4ad5c578f,20260929T124936Z_r2v3_baseline_46e02afe85,Extending the fixed fold-local history from 21 to 56 days preserves the horizon-specific dynamic-fuel gain while reducing ordinary-regime and single-fold instability and avoiding a September-only training window.,horizon-specific 21-day dynamic fuel OLS for long generator_1,dynamic_fuel_ols_blend70_control30,,,,,0.15229208807339864,,False,False,5e3afa124fc89caec20fa05d07be41fe70286516,True,2026-10-04T07:23:14.522121+00:00,2026-10-04T07:25:03.172422+00:00,108.651,outputs/round2_v3/dynamic_fuel_runs/20261004T072315Z_dynamic_fuel_g1_5ad785fc3f,"promotion_candidate=blend_dynamic70_control30; promotion_passed=[]; scientific OOF only, not v29b OOF"
20261004T092221Z_anomaly_weight_g1_e6563a0b55,completed,scientific,isolated_generator_1_anomaly_sample_weight,round2_v3,round2_v3_labels_1,0d567fd1ba9e422465316ac2d1daa5cb5424eafc094fa4076ae645a4ad5c578f,external_v29b_63_4621,Causally upweighting low-fuel training origins improves the v28 generator_1 tree across recent regimes when the deployed fuel formula is held exactly fixed.,only the generator_1 LightGBM sample weight changes from 1 to 3 when the fold-local causal fuel ratio is below 0.8,v28_g1_anomaly_sample_weight_x3,,,,,0.13287535531365752,,False,False,5e3afa124fc89caec20fa05d07be41fe70286516,True,2026-10-04T09:22:21.419105+00:00,2026-10-04T09:26:29.886647+00:00,248.467,outputs/round2_v3/anomaly_weight_runs/20261004T092221Z_anomaly_weight_g1_e6563a0b55,component_gate_passed=False; standalone_submission_eligible=False; scientific OOF only; exact v29b OOF unavailable
20261004T093404Z_event_onset_hazard_ce66daea3f,completed,diagnostic,causal_episode_onset_hazard,round2_v3,,,calendar_only_hazard,A compact set of causal gas-system dynamics predicts held-out low-fuel episode onsets 2 to 24 hours ahead better than calendar-only risk.,add 21 preregistered causal process features to an otherwise identical calendar-only logistic hazard model,calendar_plus_compact_process,,,,,,,False,False,5e3afa124fc89caec20fa05d07be41fe70286516,True,2026-10-04T09:34:04.532603+00:00,2026-10-04T09:34:08.863215+00:00,4.331,outputs/round2_v3/event_hazard_runs/20261004T093404Z_event_onset_hazard_ce66daea3f,24h_ap_lift=0.8703; 24h_detection=0.8750; promotion_gate_passed=False; diagnostic only
20261004T095143Z_v28_label_alignment_5b8c1cdab3,completed,scientific,v28_generator_1_interval_label_alignment,round2_v3,round2_v3_labels_1,0d567fd1ba9e422465316ac2d1daa5cb5424eafc094fa4076ae645a4ad5c578f,20261004T092221Z_anomaly_weight_g1_e6563a0b55,Training the v28 generator_1 tree and fuel relation on the official 15-minute interval mean instead of the next grid-point instantaneous load materially improves official-mean OOF accuracy.,"replace the generator_1 training label definition from legacy point-at-t+h to the official 15-minute interval mean while keeping features, model parameters and fuel weights fixed",interval_tree_plus_interval_fuel,,,,,0.13338147548119406,,False,False,5e3afa124fc89caec20fa05d07be41fe70286516,True,2026-10-04T09:51:42.935697+00:00,2026-10-04T09:53:23.373658+00:00,100.438,outputs/round2_v3/label_alignment_runs/20261004T095143Z_v28_label_alignment_5b8c1cdab3,component_gate_passed=False; standalone_submission_eligible=False
20261004T102800Z_short_g1_restored_1fb7013867,completed,scientific,isolated_short_generator_1_restored_columns,round2_v3,round2_v3_labels_1,0d567fd1ba9e422465316ac2d1daa5cb5424eafc094fa4076ae645a4ad5c578f,external_v29b_63_4621,Restoring the BF3/AH3 columns and complete blast-furnace balance improves the v16_final short generator_1 tree under September training.,only the short generator_1 tree feature engine changes from the v16 legacy columns to the v28 restored columns,v16_short_g1_restored_columns,,,0.11467420240572328,,,,False,False,5e3afa124fc89caec20fa05d07be41fe70286516,True,2026-10-04T10:28:00.892655+00:00,2026-10-04T10:28:08.406969+00:00,7.516,outputs/round2_v3/short_g1_restored_runs/20261004T102800Z_short_g1_restored_1fb7013867,component_gate_passed=False; scientific OOF only
20261004T105317Z_long_g1_shared_aa987f06b5,completed,scientific,isolated_long_generator_1_shared_horizon_tree,round2_v3,round2_v3_labels_1,0d567fd1ba9e422465316ac2d1daa5cb5424eafc094fa4076ae645a4ad5c578f,20261004T092221Z_anomaly_weight_g1_e6563a0b55,Sharing one restored-column tree across all 96 horizons reduces long-horizon variance and improves v28 long generator_1 while the deployed fuel relation remains fixed.,replace the 96 independent v28 generator_1 trees with one shared-horizon tree containing horizon and target-time calendar features,v28_long_g1_shared_horizon,,,,,0.12945439025572025,,False,False,5e3afa124fc89caec20fa05d07be41fe70286516,True,2026-10-04T10:53:17.571225+00:00,2026-10-04T10:53:32.555423+00:00,14.985,outputs/round2_v3/shared_horizon_runs/20261004T105317Z_long_g1_shared_aa987f06b5,component_gate_passed=False; scientific OOF only
20261004T122856Z_long_g1_shared_85d58617c3,completed,scientific,isolated_long_generator_1_shared_horizon_augsep_tree,round2_v3,round2_v3_labels_1,0d567fd1ba9e422465316ac2d1daa5cb5424eafc094fa4076ae645a4ad5c578f,20261004T092221Z_anomaly_weight_g1_e6563a0b55,Adding August tree origins removes the shared-horizon model's early-fold sample starvation while retaining its broad long-g1 gains.,"relative to shared-horizon v1, only the tree training start moves from 2025-09-01 to 2025-08-01; the fuel fit remains September-only",v28_long_g1_shared_horizon,,,,,0.12671618887954839,,False,False,5e3afa124fc89caec20fa05d07be41fe70286516,True,2026-10-04T12:28:56.989630+00:00,2026-10-04T12:29:21.094115+00:00,24.106,outputs/round2_v3/shared_horizon_runs/20261004T122856Z_long_g1_shared_85d58617c3,component_gate_passed=False; scientific OOF only
20261004T125203Z_long_gall_shared_c83510959a,completed,scientific,isolated_long_generator_all_shared_horizon_tree,round2_v3,round2_v3_labels_1,0d567fd1ba9e422465316ac2d1daa5cb5424eafc094fa4076ae645a4ad5c578f,external_v29b_63_4621,A shared-horizon old-column tree improves v20 long generator_all without using the restored-column bloodline that triggered cheat_detected.,replace only v20's 96 independent old-column generator_all trees with one shared-horizon old-column tree,v20_long_gall_shared_horizon,,,,,,0.11317158003389403,False,False,5e3afa124fc89caec20fa05d07be41fe70286516,True,2026-10-04T12:52:03.706791+00:00,2026-10-04T12:56:53.026432+00:00,289.32,outputs/round2_v3/long_gall_shared_runs/20261004T125203Z_long_gall_shared_c83510959a,component_gate_passed=False; combination_candidate_eligible=False; scientific OOF only
20261004T144354Z_overlap_reconcile_1a82967010,completed,scientific,causal_overlap_forecast_reconciliation,round2_v3,,,external_v29b_63_4621,"Forecasts issued 15 minutes apart for the same future target time contain complementary error, and a causal recursive consensus reduces long-horizon MAPE.","blend each current forecast with the already-issued previous-origin forecast for the same target time; no model, feature, label or process observation changes.",causal_overlap_reconciliation,,,,,0.1320794352904684,,False,False,5e3afa124fc89caec20fa05d07be41fe70286516,True,2026-10-04T14:43:54.192297+00:00,2026-10-04T14:44:00.803720+00:00,6.611,outputs/round2_v3/overlap_reconciliation_runs/20261004T144354Z_overlap_reconcile_1a82967010,primary_alpha=0.50; promotion_gate_passed=False; previous issued predictions only
20261004T145819Z_test_similarity_d7b3a8efa8,completed,diagnostic,calibrate_validation_to_october_covariate_shift,round2_v3,,,official_platform_probe_triplet_v1,Process-state similarity to the unlabeled October test origins identifies why recent unweighted OOF gains failed to transfer to the official platform.,fixed process-only domain weighting calibrated against three official platform probes,logistic_domain_classifier,,,,,,,False,False,5e3afa124fc89caec20fa05d07be41fe70286516,True,2026-10-04T14:58:19.268716+00:00,2026-10-04T14:58:23.188933+00:00,3.92,outputs/round2_v3/test_similarity_runs/20261004T145819Z_test_similarity_d7b3a8efa8,domain_auc=0.9519; direction_pass=False; ess_pass=True; calibration_gate_passed=False
20261004T151651Z_long_g1_mape_00babc641a,completed,scientific,isolated_long_generator_1_mape_aligned_tree,round2_v3,round2_v3_labels_1,0d567fd1ba9e422465316ac2d1daa5cb5424eafc094fa4076ae645a4ad5c578f,20261004T092221Z_anomaly_weight_g1_e6563a0b55,"Weighting the frozen v28 generator_1 tree's absolute-error loss by inverse training target magnitude improves official MAPE without changing its causal features, training window, labels, fuel proxy, or deployed blend.","only the v28 generator_1 LightGBM fit receives mean-one sample weights proportional to 1/max(abs(legacy point target), 20 MW)",v28_g1_inverse_target_weighted_l1,,,,,0.13404861094035933,,False,False,5e3afa124fc89caec20fa05d07be41fe70286516,True,2026-10-04T15:16:51.351373+00:00,2026-10-04T15:17:42.242531+00:00,50.891,outputs/round2_v3/mape_objective_runs/20261004T151651Z_long_g1_mape_00babc641a,component_gate_passed=False; standalone_submission_eligible=False
20261004T152405Z_long_g1_mape_fuel_20b0cc90f0,completed,scientific,isolated_long_generator_1_mape_aligned_fuel_proxy,round2_v3,round2_v3_labels_1,0d567fd1ba9e422465316ac2d1daa5cb5424eafc094fa4076ae645a4ad5c578f,20261004T092221Z_anomaly_weight_g1_e6563a0b55,Replacing the dominant v28 generator_1 September OLS fuel proxy with an inverse-target weighted median regression improves official MAPE while the exact tree predictions and deployed horizon blend stay frozen.,"only the fold-local September generator_1 fuel proxy changes from ordinary least squares to quantile=0.5, alpha=0 weighted median regression with sample weights proportional to 1/max(abs(y), 20 MW)",v28_g1_mape_weighted_median_fuel,,,,,0.13196657296837863,,False,False,5e3afa124fc89caec20fa05d07be41fe70286516,True,2026-10-04T15:24:05.460738+00:00,2026-10-04T15:24:09.194882+00:00,3.734,outputs/round2_v3/mape_fuel_runs/20261004T152405Z_long_g1_mape_fuel_20b0cc90f0,component_gate_passed=False; standalone_submission_eligible=False
20261004T153231Z_holiday_audit_75f9b001b3,completed,diagnostic,audit_cross_holiday_generator_1_fuel_residual_transfer,round2_v3,,,official_2025_calendar_plus_raw_training_v1,A holiday-specific generator_1 dispatch level remains after conditioning on contemporaneous generator fuel use and transfers between the two independent holiday blocks observed in training.,"learn one MAPE-optimal multiplicative fuel-proxy scale on one holiday block and evaluate it without tuning on the other block, in both directions",two_block_holiday_fuel_scale_audit,,,,,,,False,False,5e3afa124fc89caec20fa05d07be41fe70286516,True,2026-10-04T15:32:31.532676+00:00,2026-10-04T15:32:33.085146+00:00,1.553,outputs/round2_v3/holiday_effect_audit_runs/20261004T153231Z_holiday_audit_75f9b001b3,diagnostic_gate_passed=True; mean_transfer_gain_pct=2.0601
20261004T155802Z_short_dynamic_fuel_87286d8028,completed,scientific,isolated_short_generator_1_dynamic_fuel,round2_v3,round2_v3_labels_1,0d567fd1ba9e422465316ac2d1daa5cb5424eafc094fa4076ae645a4ad5c578f,20261004T102800Z_short_g1_restored_1fb7013867,"The previously observed near-horizon dynamic-fuel signal improves the exact v16-lineage short generator_1 OOF control, even though its long-horizon platform probe failed under October distribution shift.",replace 70 percent of the v16-lineage short generator_1 prediction with a fold-local horizon-specific causal fuel-history OLS prediction; retain 30 percent of the exact v16 control prediction.,horizon_specific_dynamic_fuel_ols_blend,,,0.10133343688898694,,,,False,False,5e3afa124fc89caec20fa05d07be41fe70286516,True,2026-10-04T15:58:01.041709+00:00,2026-10-04T15:58:07.881949+00:00,6.841,outputs/round2_v3/short_dynamic_fuel_runs/20261004T155802Z_short_dynamic_fuel_87286d8028,component_gate_passed=False; standalone_submission_eligible=False
20261004T160243Z_short_dynamic_cap_896d8696e5,completed,scientific,short_generator_1_dynamic_fuel_safety_cap,round2_v3,,,20261004T155802Z_short_dynamic_fuel_87286d8028,Symmetrically limiting the dynamic-fuel correction to five MW preserves its cross-horizon gain while preventing the extreme September 25-27 regime failure.,"clip only the already-frozen 70/30 candidate minus v16 control correction to the preregistered interval [-5, +5] MW.",dynamic_fuel_70_30_symmetric_5mw_cap,,,0.10074868822553242,,,,False,False,5e3afa124fc89caec20fa05d07be41fe70286516,True,2026-10-04T16:02:43.690714+00:00,2026-10-04T16:02:44.422601+00:00,0.732,outputs/round2_v3/short_dynamic_fuel_cap_runs/20261004T160243Z_short_dynamic_cap_896d8696e5,component_gate_passed=False; source_cells_exceeding_cap=4327
20261004T160900Z_short_fuel_trend_d6f12f9ba2,failed,scientific,isolated_short_generator_1_damped_fuel_trend,round2_v3,,,20261004T102800Z_short_g1_restored_1fb7013867,A low-freedom extrapolation of the latest one-hour generator-fuel trend improves short generator_1 without the regime instability of a fitted horizon-specific dynamic regression.,"adjust only the v16-lineage short generator_1 prediction by the fold-local fuel proxy's damped one-hour trend, retaining the v16 0.8 fuel weight and a preregistered symmetric five-MW safety cap.",damped_one_hour_fuel_trend,,,,,,,False,False,5e3afa124fc89caec20fa05d07be41fe70286516,True,2026-10-04T16:08:58.633667+00:00,2026-10-04T16:09:00.868791+00:00,2.235,outputs/round2_v3/short_fuel_trend_runs/20261004T160900Z_short_fuel_trend_d6f12f9ba2,AssertionError: metric lookup not unique: overall/v16_control/None/None
20261004T161012Z_short_fuel_trend_99a68f538d,completed,scientific,isolated_short_generator_1_damped_fuel_trend,round2_v3,,0d567fd1ba9e422465316ac2d1daa5cb5424eafc094fa4076ae645a4ad5c578f,20261004T102800Z_short_g1_restored_1fb7013867,A low-freedom extrapolation of the latest one-hour generator-fuel trend improves short generator_1 without the regime instability of a fitted horizon-specific dynamic regression.,"adjust only the v16-lineage short generator_1 prediction by the fold-local fuel proxy's damped one-hour trend, retaining the v16 0.8 fuel weight and a preregistered symmetric five-MW safety cap.",damped_one_hour_fuel_trend,,,0.11886900740927797,,,,False,False,5e3afa124fc89caec20fa05d07be41fe70286516,True,2026-10-04T16:10:10.517467+00:00,2026-10-04T16:10:12.974561+00:00,2.457,outputs/round2_v3/short_fuel_trend_runs/20261004T161012Z_short_fuel_trend_99a68f538d,component_gate_passed=False; correction_mean_abs_mw=3.1159
20261004T161648Z_short_expert_gate_76bb9085e9,completed,scientific,expanding_short_generator_1_expert_gate,round2_v3,,,20261004T160243Z_short_dynamic_cap_896d8696e5,"An expanding-time, low-capacity gate can identify from causal process state and expert disagreement when the capped dynamic short-g1 expert should be trusted over the v16 control.",replace the always-on capped dynamic correction with a soft logistic gate trained only on earlier-fold origin-level expert wins.,expanding_logistic_soft_expert_gate,,,0.10755582839372409,,,,False,False,5e3afa124fc89caec20fa05d07be41fe70286516,True,2026-10-04T16:16:47.631707+00:00,2026-10-04T16:16:49.393791+00:00,1.762,outputs/round2_v3/short_expert_gate_runs/20261004T161648Z_short_expert_gate_76bb9085e9,component_gate_passed=False; gate_auc=0.3097; gate_ap=0.5485
20261005T080116Z_analog_trajectory_g1_4e4f828951,completed,scientific,long_generator_1_historical_analog_trajectory,round2_v3,round2_v3_labels_1,,external_v29b_63_4621,"Causal process-state analogs observed before an origin contain information about the following 24-hour generator_1 trajectory that a shared regression tree misses, especially around operating-regime transitions.",add a fixed 25 percent historical analog trajectory to a 75 percent shared horizon LightGBM control trained on the identical feature and label contract.,historical_analog_plus_shared_horizon_tree,,,,,0.13935254126850874,,False,False,5e3afa124fc89caec20fa05d07be41fe70286516,True,2026-10-05T08:01:16.848904+00:00,2026-10-05T08:01:50.668614+00:00,33.817,outputs/round2_v3/analog_trajectory_runs/20261005T080116Z_analog_trajectory_g1_4e4f828951,component_gate_passed=False; four ten-day pseudo-tests; no submission
20261005T083741Z_sequence_gru_g1_c325928f68,completed,scientific,long_generator_1_direct_multistep_gru,round2_v3,round2_v3_labels_1,,20261005T080116Z_analog_trajectory_g1_4e4f828951,A compact direct multi-step GRU using the complete causal 24-hour process history learns temporal evolution and future generator_1 trajectories that are lost when an origin is reduced to summary features.,replace 25 percent of the frozen ten-day shared-horizon tree control with one fixed two-layer GRU that directly outputs all 96 long generator_1 horizons.,direct_multistep_gru,,,,,0.1398644286898962,,False,False,5e3afa124fc89caec20fa05d07be41fe70286516,True,2026-10-05T08:37:41.592305+00:00,2026-10-05T08:38:31.233935+00:00,49.638,outputs/round2_v3/sequence_gru_runs/20261005T083741Z_sequence_gru_g1_c325928f68,component_gate_passed=False; four ten-day pseudo-tests; one fixed seed; no submission
20261005T100107Z_holder2_boundary_a8309e91a1,completed,diagnostic,holder2_boundary_residual_audit,round2_v3,,,external_v29b_63_4621,"A fold-local measure of holder-2 boundary pressure—level near a historical boundary, continued dwell, approach velocity, and gas-balance state—has a stable positive relationship with the future long-generator_1 residual left by the shared-horizon control.",diagnostic only: derive preregistered holder-2 boundary features from each origin and measure their relationship with frozen control residuals; train no prediction model and create no submission.,holder2_boundary_mechanism_audit,,,,,,,False,False,5e3afa124fc89caec20fa05d07be41fe70286516,True,2026-10-05T10:01:07.009344+00:00,2026-10-05T10:01:07.872104+00:00,0.86,outputs/round2_v3/holder2_boundary_audit_runs/20261005T100107Z_holder2_boundary_a8309e91a1,diagnostic_gate_passed=False; models=0; no submission
20261005T102336Z_holder2_inverse_confirm_befe6e5687,failed,diagnostic,holder2_inverse_pressure_confirmation,round2_v3,,,external_v29b_63_4621,"The INVERSE of the failed D-078 direction, observed post hoc but consistently across all four development blocks: high fold-local holder-2 boundary pressure predicts that the shared-horizon tree control over-predicts far-horizon generator_1 (positive actual-minus-prediction residuals), because near-boundary gas-holder states lead future generation curtailment by hours.","rebuild the frozen shared-horizon LightGBM control on four fresh ten-day pseudo-test blocks never used in any prior analysis or hypothesis development, then measure the preregistered inverse boundary-pressure relationship on the rebuilt residuals; train no correction model and create no submission.",holder2_inverse_boundary_confirmation,,,,,,,False,False,5e3afa124fc89caec20fa05d07be41fe70286516,True,2026-10-05T10:23:36.084220+00:00,2026-10-05T10:24:14.486415+00:00,38.398,outputs/round2_v3/holder2_inverse_confirm_runs/20261005T102336Z_holder2_inverse_confirm_befe6e5687,failure=KeyError: 'label_manifest'
20261005T103758Z_october_shift_0b06b4230c,completed,diagnostic,october_distribution_shift_localization,round2_v3,,,external_v29b_63_4621,The recurring failure of locally-positive components to transfer to the platform is driven by specific process variables whose October distributions leave the support the models were trained on; locating them turns an abstract distribution-shift problem into concrete modeling decisions.,"diagnostic only: per-column comparison of raw process variables between the full training window, the September reference window, and the October test window; train no model and create no submission.",october_distribution_shift_localization,,,,,,,False,False,5e3afa124fc89caec20fa05d07be41fe70286516,True,2026-10-05T10:37:58.782928+00:00,2026-10-05T10:37:59.297017+00:00,0.512,outputs/round2_v3/october_shift_audit_runs/20261005T103758Z_october_shift_0b06b4230c,audited_columns=26; diagnostic only; no submission
20261005T111953Z_holder2_inverse_confirm_d28fee07b0,completed,diagnostic,holder2_inverse_pressure_confirmation,round2_v3,round2_v3_labels_1,,external_v29b_63_4621,"The INVERSE of the failed D-078 direction, observed post hoc but consistently across all four development blocks: high fold-local holder-2 boundary pressure predicts that the shared-horizon tree control over-predicts far-horizon generator_1 (positive actual-minus-prediction residuals), because near-boundary gas-holder states lead future generation curtailment by hours.","rebuild the frozen shared-horizon LightGBM control on four fresh ten-day pseudo-test blocks never used in any prior analysis or hypothesis development, then measure the preregistered inverse boundary-pressure relationship on the rebuilt residuals; train no correction model and create no submission.",holder2_inverse_boundary_confirmation,,,,,,,False,False,5e3afa124fc89caec20fa05d07be41fe70286516,True,2026-10-05T11:19:53.559133+00:00,2026-10-05T11:20:20.632611+00:00,27.072,outputs/round2_v3/holder2_inverse_confirm_runs/20261005T111953Z_holder2_inverse_confirm_d28fee07b0,inverse_diagnostic_gate_passed=False; fresh blocks only; no submission
