partition,family,file,column,source_dtype,rows,non_null,missing,missing_rate,infinite_count,unique_non_null,all_empty,constant_non_null,first_non_null_time,last_non_null_time,zero_count,negative_count,abs_over_1e9_count,min,p01,q1,median,q3,p99,max
test,gas,data/raw/test/Semi_test_gas.csv,air_heater_1,float64,14400,14400,0,0.0,0,14388,False,False,2025-10-01T00:00:00,2025-10-10T23:59:00,0,0,0,26933.39,48442.63531,94725.3425,112844.398,125007.81,143053.6182,153161.03
test,gas,data/raw/test/Semi_test_gas.csv,air_heater_2,float64,14400,14400,0,0.0,0,13942,False,False,2025-10-01T00:00:00,2025-10-10T23:59:00,442,0,0,0.0,0.0,113173.22450000001,146173.58000000002,160530.6725,177567.6095,189264.98
test,gas,data/raw/test/Semi_test_gas.csv,air_heater_3,float64,14400,14400,0,0.0,0,5546,False,False,2025-10-01T00:00:00,2025-10-10T23:59:00,928,0,0,0.0,0.0,34137.15,104189.3,122122.19,155092.72449999998,157678.98
test,gas,data/raw/test/Semi_test_gas.csv,air_heater_4,float64,14400,14400,0,0.0,0,14360,False,False,2025-10-01T00:00:00,2025-10-10T23:59:00,3,0,0,0.0,63872.19375,77135.675,107302.18,126340.7875,142213.74990000002,155089.22
test,gas,data/raw/test/Semi_test_gas.csv,air_heater_5,float64,14400,14400,0,0.0,0,14330,False,False,2025-10-01T00:00:00,2025-10-10T23:59:00,9,0,0,0.0,98715.52373999999,107238.20000000001,127334.19,136537.7275,143206.685,148371.03
test,gas,data/raw/test/Semi_test_gas.csv,blast_furnace_1,float64,14400,14400,0,0.0,0,14363,False,False,2025-10-01T00:00:00,2025-10-10T23:59:00,0,0,0,108827.84,320696.0893,350938.36250000005,374093.54500000004,388561.065,413583.7412,584628.0
test,gas,data/raw/test/Semi_test_gas.csv,blast_furnace_2,float64,14400,14400,0,0.0,0,14185,False,False,2025-10-01T00:00:00,2025-10-10T23:59:00,0,0,0,17748.48,25910.621,451513.1725,492161.14,517164.75749999995,569458.3925000001,619176.5
test,gas,data/raw/test/Semi_test_gas.csv,blast_furnace_3,float64,14400,14399,1,6.944444444444444e-05,0,3041,False,False,2025-10-01T00:00:00,2025-10-10T23:59:00,0,1001,0,-297.55164,-297.55164,393836.97,418365.5,437477.1,460709.3636,485122.7
test,gas,data/raw/test/Semi_test_gas.csv,blast_furnace_4,float64,14400,14399,1,6.944444444444444e-05,0,14212,False,False,2025-10-01T00:00:00,2025-10-10T23:59:00,0,0,0,165674.44,382286.55319999997,420250.81,423562.4,427016.33999999997,433265.2594,436305.44
test,gas,data/raw/test/Semi_test_gas.csv,blast_furnace_5,float64,14400,14400,0,0.0,0,13764,False,False,2025-10-01T00:00:00,2025-10-10T23:59:00,0,0,0,165754.77,340613.6675,406695.7925,410276.125,412999.52,419615.8742,422976.8
test,gas,data/raw/test/Semi_test_gas.csv,coke_oven_1,float64,14400,14400,0,0.0,0,14320,False,False,2025-10-01T00:00:00,2025-10-10T23:59:00,1,0,0,0.0,65327.293679999995,73593.8775,76246.315,78235.4125,82596.7595,86150.31
test,gas,data/raw/test/Semi_test_gas.csv,converter_1,float64,14400,14400,0,0.0,0,14357,False,False,2025-10-01T00:00:00,2025-10-10T23:59:00,0,0,0,4.679624,10.27720638,16.52916975,17.798674499999997,18.67899175,20.04870412,21.21592
test,gas,data/raw/test/Semi_test_gas.csv,into_gas_mixed_blast_furnace,float64,14400,14400,0,0.0,0,6006,False,False,2025-10-01T00:00:00,2025-10-10T23:59:00,8055,0,0,0.0,0.0,0.0,0.0,21392.926,54518.50734000001,67061.86
test,gas,data/raw/test/Semi_test_gas.csv,into_gas_mixed_coke,float64,14400,14400,0,0.0,0,14366,False,False,2025-10-01T00:00:00,2025-10-10T23:59:00,0,0,0,20932.186,27983.19167,38514.24,42079.584,45894.816,57636.367730000005,64356.38
test,gas,data/raw/test/Semi_test_gas.csv,into_gas_mixed_converter,float64,14400,14400,0,0.0,0,7951,False,False,2025-10-01T00:00:00,2025-10-10T23:59:00,219,0,0,0.0,0.0,55683.594,73789.0625,85803.2225,109130.86,122460.94
test,gas_holder,data/raw/test/Semi_test_gas_holder.csv,blast_furnace_gas_holder_1,float64,14400,14400,0,0.0,0,8406,False,False,2025-10-01T00:00:00,2025-10-10T23:59:00,1,0,0,0.0,2.6972969,8.0570545,12.528496,17.52340925,26.907042439999998,27.317596
test,gas_holder,data/raw/test/Semi_test_gas_holder.csv,blast_furnace_gas_holder_2,float64,14400,14400,0,0.0,0,1509,False,False,2025-10-01T00:00:00,2025-10-10T23:59:00,1,0,0,0.0,33726.61634000001,112807.22,145266.84,157890.03,172050.0281,175054.89
test,gas_user,data/raw/test/Semi_test_gas_user.csv,blast_furnace_user1,float64,14400,14400,0,0.0,0,14272,False,False,2025-10-01T00:00:00,2025-10-10T23:59:00,120,0,0,0.0,10351.01599,28575.26475,36083.9745,44300.87925,61943.20362,110392.7
test,gas_user,data/raw/test/Semi_test_gas_user.csv,blast_furnace_user2,float64,14400,14399,1,6.944444444444444e-05,0,12661,False,False,2025-10-01T00:00:00,2025-10-10T23:59:00,1733,0,0,0.0,0.0,7666.0457,14044.107,25049.1935,47050.97654,53989.008
test,gas_user,data/raw/test/Semi_test_gas_user.csv,blast_furnace_user3,float64,14400,14400,0,0.0,0,13656,False,False,2025-10-01T00:00:00,2025-10-10T23:59:00,7,0,0,0.0,10617.42001,21023.003,26835.759,34598.7425,41899.216960000005,51720.934
test,gas_user,data/raw/test/Semi_test_gas_user.csv,blast_furnace_user4,float64,14400,14400,0,0.0,0,13601,False,False,2025-10-01T00:00:00,2025-10-10T23:59:00,795,0,0,0.0,0.0,16969.21375,25003.6345,31487.188,41239.87305,44495.156
test,gas_user,data/raw/test/Semi_test_gas_user.csv,converter_user1,float64,14400,14400,0,0.0,0,1744,False,False,2025-10-01T00:00:00,2025-10-10T23:59:00,12610,0,0,0.0,0.0,0.0,0.0,0.0,10241.215420000002,14824.453
test,gas_user,data/raw/test/Semi_test_gas_user.csv,converter_user2,float64,14400,14400,0,0.0,0,12775,False,False,2025-10-01T00:00:00,2025-10-10T23:59:00,1616,0,0,0.0,0.0,5609.85795,8799.888500000001,12741.97975,20309.8191,23972.861
test,gas_user,data/raw/test/Semi_test_gas_user.csv,converter_user3,float64,14400,0,14400,1.0,0,0,True,False,,,0,0,0,,,,,,,
test,load,data/raw/test/Semi_test_load.csv,generator_1,float64,14400,0,14400,1.0,0,0,True,False,,,0,0,0,,,,,,,
test,load,data/raw/test/Semi_test_load.csv,generator_all,float64,14400,0,14400,1.0,0,0,True,False,,,0,0,0,,,,,,,
test,load,data/raw/test/Semi_test_load.csv,generator_use_blast_furnace_gas,float64,14400,14392,8,0.0005555555555555556,0,14373,False,False,2025-10-01T00:00:00,2025-10-10T23:59:00,2,0,0,0.0,504719.47860000003,820359.275,879504.72,919491.1875,993090.6294,1045536.0
test,load,data/raw/test/Semi_test_load.csv,generator_use_coke_gas,float64,14400,14394,6,0.0004166666666666667,0,13623,False,False,2025-10-01T00:00:00,2025-10-10T23:59:00,752,0,0,0.0,0.0,5465.22295,8865.7215,12394.3755,16336.45106,17131.555
test,load,data/raw/test/Semi_test_load.csv,generator_use_converter_gas,float64,14400,14396,4,0.0002777777777777778,0,14287,False,False,2025-10-01T00:00:00,2025-10-10T23:59:00,4,0,0,0.0,8330.211275,17411.5935,27405.2295,35672.85875,65807.162,85285.97
train,gas,data/raw/train/Semi_gas.csv,air_heater_1,float64,217438,217437,1,4.599012132194004e-06,0,214125,False,False,2025-05-03T00:00:00,2025-09-30T23:59:00,0,0,0,11227.714,19675.377360000002,93844.914,112585.56,125675.164,145098.12879999998,167948.28
train,gas,data/raw/train/Semi_gas.csv,air_heater_2,float64,217438,217437,1,4.599012132194004e-06,0,207046,False,False,2025-05-03T00:00:00,2025-09-30T23:59:00,5060,0,0,0.0,0.0,130551.89,154430.06,166651.9,216925.51799999978,322724.28
train,gas,data/raw/train/Semi_gas.csv,air_heater_3,float64,217438,200956,16482,0.07580091796282158,0,11706,False,False,2025-05-14T10:27:00,2025-09-30T23:59:00,3249,0,0,0.0,0.0,39026.637,110929.87,131506.34,157690.42,158491.52
train,gas,data/raw/train/Semi_gas.csv,air_heater_4,float64,217438,217438,0,0.0,0,209178,False,False,2025-05-03T00:00:00,2025-09-30T23:59:00,4276,1,1,-59324236000.0,0.0,73567.88,90432.35500000001,123263.1625,142064.28350000002,161533.94
train,gas,data/raw/train/Semi_gas.csv,air_heater_5,float64,217438,217437,1,4.599012132194004e-06,0,114695,False,False,2025-05-03T00:00:00,2025-09-30T23:59:00,99835,0,0,0.0,0.0,0.0,102505.164,129028.195,141531.1144,151558.19
train,gas,data/raw/train/Semi_gas.csv,blast_furnace_1,float64,217438,217437,1,4.599012132194004e-06,0,208969,False,False,2025-05-03T00:00:00,2025-09-30T23:59:00,0,0,0,19472.498,43077.26208,357934.03,380228.1,396440.62,425300.2783999999,618085.56
train,gas,data/raw/train/Semi_gas.csv,blast_furnace_2,float64,217438,217437,1,4.599012132194004e-06,0,206952,False,False,2025-05-03T00:00:00,2025-09-30T23:59:00,1227,0,0,0.0,20494.543,466564.9,493122.25,515041.12,572233.0367999999,707846.1
train,gas,data/raw/train/Semi_gas.csv,blast_furnace_3,float64,217438,40896,176542,0.8119187998417939,0,3818,False,False,2025-09-02T14:23:00,2025-09-30T23:59:00,0,0,0,92971.8,329788.2,398643.5,420654.28,437248.22,460746.78,489089.94
train,gas,data/raw/train/Semi_gas.csv,blast_furnace_4,float64,217438,217436,2,9.198024264388009e-06,0,196122,False,False,2025-05-03T00:00:00,2025-09-30T23:59:00,9,0,0,0.0,14974.91775,411751.3,418683.16000000003,423474.16,434265.85,443715.7
train,gas,data/raw/train/Semi_gas.csv,blast_furnace_5,float64,217438,217438,0,0.0,0,155780,False,False,2025-05-03T00:00:00,2025-09-30T23:59:00,6860,0,0,0.0,0.0,399718.31,404789.47,408874.94,418326.7815,425656.94
train,gas,data/raw/train/Semi_gas.csv,coke_oven_1,float64,217438,217437,1,4.599012132194004e-06,0,203546,False,False,2025-05-03T00:00:00,2025-09-30T23:59:00,3,0,0,0.0,62570.89768,72667.44,75382.88,77698.09,83230.84,90148.63
train,gas,data/raw/train/Semi_gas.csv,converter_1,float64,217438,217437,1,4.599012132194004e-06,0,209700,False,False,2025-05-03T00:00:00,2025-09-30T23:59:00,0,0,0,2.432581,10.20442056,15.8634,17.41582,18.593815,20.61552516,22.258188
train,gas,data/raw/train/Semi_gas.csv,into_gas_mixed_blast_furnace,float64,217438,217437,1,4.599012132194004e-06,0,56513,False,False,2025-05-03T00:00:00,2025-09-30T23:59:00,148239,0,0,0.0,0.0,0.0,0.0,5834.8525,56782.92051999999,80594.03
train,gas,data/raw/train/Semi_gas.csv,into_gas_mixed_coke,float64,217438,217437,1,4.599012132194004e-06,0,213039,False,False,2025-05-03T00:00:00,2025-09-30T23:59:00,0,0,0,10560.026,28687.294680000003,39265.117,43337.1,47579.4,60019.22579999993,70817.13
train,gas,data/raw/train/Semi_gas.csv,into_gas_mixed_converter,float64,217438,217437,1,4.599012132194004e-06,0,15679,False,False,2025-05-03T00:00:00,2025-09-30T23:59:00,7134,0,0,0.0,0.0,61284.18,75029.3,84375.0,105003.12319999993,124609.37
train,gas_holder,data/raw/train/Semi_gas_holder.csv,blast_furnace_gas_holder_1,float64,217437,8975,208462,0.9587236762832453,0,5799,False,False,2025-09-24T18:25:00,2025-09-30T23:59:00,41,1,1,-2.3556755e-38,4.77242409,10.410969,13.873412,16.98563,24.53510088,1.8049678e+30
train,gas_holder,data/raw/train/Semi_gas_holder.csv,blast_furnace_gas_holder_2,float64,217437,217437,0,0.0,0,1816,False,False,2025-05-03T00:00:00,2025-09-30T23:59:00,0,0,0,7747.5645,32793.57,60110.414,99850.08,138855.06,174053.06,179796.94
train,gas_user,data/raw/train/Semi_gas_user.csv,blast_furnace_user1,float64,217438,217437,1,4.599012132194004e-06,0,214004,False,False,2025-05-03T00:00:00,2025-09-30T23:59:00,1141,0,0,0.0,13521.591480000001,31190.105,38589.75,46462.78,66834.30095999995,89856.48
train,gas_user,data/raw/train/Semi_gas_user.csv,blast_furnace_user2,float64,217438,217437,1,4.599012132194004e-06,0,200323,False,False,2025-05-03T00:00:00,2025-09-30T23:59:00,16047,0,0,0.0,0.0,10196.605,15548.642,21332.934,39554.265279999985,53579.137
train,gas_user,data/raw/train/Semi_gas_user.csv,blast_furnace_user3,float64,217438,217437,1,4.599012132194004e-06,0,191585,False,False,2025-05-03T00:00:00,2025-09-30T23:59:00,12161,0,0,0.0,0.0,12936.5625,23755.578,32137.74,57834.67819999993,116173.37
train,gas_user,data/raw/train/Semi_gas_user.csv,blast_furnace_user4,float64,217438,217437,1,4.599012132194004e-06,0,202756,False,False,2025-05-03T00:00:00,2025-09-30T23:59:00,13532,0,0,0.0,0.0,15204.112,23376.361,31150.695,45503.738399999995,51932.785
train,gas_user,data/raw/train/Semi_gas_user.csv,converter_user1,float64,217438,217438,0,0.0,0,15682,False,False,2025-05-03T00:00:00,2025-09-30T23:59:00,201712,1,0,-999.0,0.0,0.0,0.0,0.0,8972.47477,17769.139
train,gas_user,data/raw/train/Semi_gas_user.csv,converter_user2,float64,217438,217437,1,4.599012132194004e-06,0,161270,False,False,2025-05-03T00:00:00,2025-09-30T23:59:00,54124,0,0,0.0,0.0,2656.8203,6749.837,10842.631,19450.52795999998,25672.725
train,gas_user,data/raw/train/Semi_gas_user.csv,converter_user3,float64,217438,0,217438,1.0,0,0,True,False,,,0,0,0,,,,,,,
train,load,data/raw/train/Semi_load.csv,generator_1,float64,217437,217437,0,0.0,0,212554,False,False,2025-05-03T00:00:00,2025-09-30T23:59:00,0,0,0,78.13888,91.8305038,116.897995,132.66388,143.61049,182.4589876,193.9259
train,load,data/raw/train/Semi_load.csv,generator_all,float64,217437,217437,0,0.0,0,210835,False,False,2025-05-03T00:00:00,2025-09-30T23:59:00,0,0,0,175.84546,209.5167788,321.8132,352.46344,371.2798,412.32345079999993,432.7122
train,load,data/raw/train/Semi_load.csv,generator_use_blast_furnace_gas,float64,217437,217437,0,0.0,0,210519,False,False,2025-05-03T00:00:00,2025-09-30T23:59:00,0,0,0,356900.03,551161.9223999999,832303.5,881773.44,923409.25,1013889.8079999996,1107758.5
train,load,data/raw/train/Semi_load.csv,generator_use_coke_gas,float64,217437,217437,0,0.0,0,197008,False,False,2025-05-03T00:00:00,2025-09-30T23:59:00,18995,0,0,0.0,0.0,2691.6829,10399.185,14432.679,22504.84608,26217.105
train,load,data/raw/train/Semi_load.csv,generator_use_converter_gas,float64,217437,217437,0,0.0,0,212495,False,False,2025-05-03T00:00:00,2025-09-30T23:59:00,2232,0,0,0.0,0.0,29213.928,39928.46,54181.875,112669.99959999995,145447.94
