family,column,recent_train_start,recent_train_mean,recent_train_std,test_mean,absolute_mean_shift,standardized_mean_shift
gas,air_heater_5,2025-09-16T23:59:00,61652.20643341104,61869.35382400327,121857.96030361111,60205.75387020007,0.973111082450682
gas,blast_furnace_3,2025-09-16T23:59:00,411053.86663642677,35700.77850231589,387421.8159916064,23632.05064482038,0.661947767981793
gas_holder,blast_furnace_gas_holder_2,2025-09-16T23:59:00,106077.84942319329,41798.92048633351,132076.38404534722,25998.534622153937,0.6219905758249035
load,generator_use_converter_gas,2025-09-16T23:59:00,38999.8197015525,17974.903411075822,28263.22191310086,10736.59778845164,0.5973104579708581
gas_user,blast_furnace_user3,2025-09-16T23:59:00,22786.50840074897,11807.00493460906,27496.174022951393,4709.665622202421,0.3988874103370028
load,generator_use_blast_furnace_gas,2025-09-16T23:59:00,815248.5637587423,87970.31271555672,848772.076999722,33523.51324097975,0.38107757271904563
gas,air_heater_1,2025-09-16T23:59:00,115867.98399196469,23710.715497130535,107846.33645409723,8021.647537867466,0.33831317907037617
gas_user,converter_user1,2025-09-16T23:59:00,353.9454718515947,1580.4942317293335,839.9859395972222,486.04046774562755,0.307524354083732
gas,blast_furnace_5,2025-09-16T23:59:00,388969.44264793413,62598.47153922913,407520.3288951389,18550.88624720479,0.29634727160357816
gas_user,converter_user2,2025-09-16T23:59:00,7571.551640464261,5035.932860042488,9050.745436125,1479.193795660739,0.29372786269598106
gas,into_gas_mixed_blast_furnace,2025-09-16T23:59:00,6415.858694876246,13184.975833702132,10223.114378722223,3807.255683845977,0.2887571226421399
gas_user,blast_furnace_user4,2025-09-16T23:59:00,20415.33717841377,12791.643312735603,23665.93242617361,3250.5952477598403,0.2541186592127288
gas,blast_furnace_4,2025-09-16T23:59:00,404485.311046717,81060.99137113284,422330.7836710883,17845.472624371294,0.22014870929306649
load,generator_use_coke_gas,2025-09-16T23:59:00,9614.964657602748,6470.8924455299,8403.328605448729,1211.6360521540191,0.1872440412745569
gas,blast_furnace_2,2025-09-16T23:59:00,448191.88027612714,120783.59739173432,464192.86251083337,16000.982234706229,0.13247645028166083
gas,into_gas_mixed_converter,2025-09-16T23:59:00,67097.65078622091,22340.08758785522,69936.12063588195,2838.4698496610363,0.12705723907743846
gas,into_gas_mixed_coke,2025-09-16T23:59:00,43008.32812901146,6154.341567894387,42268.74300298611,739.5851260253476,0.12017290848521839
gas,coke_oven_1,2025-09-16T23:59:00,75083.30144223996,4686.919647649227,75631.40002430555,548.0985820655915,0.11694217594289161
gas,air_heater_4,2025-09-16T23:59:00,98507.57897366204,31990.366300083228,102071.16346986112,3563.5844961990806,0.11139555148481715
gas,air_heater_3,2025-09-16T23:59:00,84929.49103963097,43486.4944131921,80433.05242465278,4496.438614978193,0.1033985074136983
gas_user,blast_furnace_user1,2025-09-16T23:59:00,37192.69159153812,11724.804348700225,36378.87863118055,813.8129603575653,0.06940951304213294
gas_user,blast_furnace_user2,2025-09-16T23:59:00,17033.308126662367,9230.528478877717,16893.435967508856,139.87215915351044,0.01515321245945786
gas,blast_furnace_1,2025-09-16T23:59:00,370821.26768910274,26790.549797752137,370439.5405993055,381.72708979726303,0.014248572451069738
gas,air_heater_2,2025-09-16T23:59:00,132774.08069713804,45801.127103398685,132230.9691545139,543.1115426241304,0.011858038807604554
gas_holder,blast_furnace_gas_holder_1,2025-09-16T23:59:00,2.011106183844011e+26,1.905251139409007e+28,13.003381045770835,2.011106183844011e+26,0.01055559627938519
gas,converter_1,2025-09-16T23:59:00,17.256984836436686,2.113304809523086,17.273861954840278,0.01687711840359185,0.00798612596135649
