feature_name,base_signal,transform,source_offset_min_minutes,source_offset_max_minutes,causal,target_history,available_in_formal_test
bf_production_total__level,bf_production_total,level,0,0,True,False,True
bf_production_total__delta_1h,bf_production_total,delta_1h,-105,0,True,False,True
bf_production_total__relative_delta_1h,bf_production_total,relative_delta_1h,-105,0,True,False,True
bf_production_total__delta_2h,bf_production_total,delta_2h,-225,0,True,False,True
bf_production_total__relative_delta_2h,bf_production_total,relative_delta_2h,-225,0,True,False,True
bf_production_total__delta_4h,bf_production_total,delta_4h,-465,0,True,False,True
bf_production_total__relative_delta_4h,bf_production_total,relative_delta_4h,-465,0,True,False,True
bf_production_total__delta_6h,bf_production_total,delta_6h,-705,0,True,False,True
bf_production_total__relative_delta_6h,bf_production_total,relative_delta_6h,-705,0,True,False,True
bf_production_total__delta_12h,bf_production_total,delta_12h,-1425,0,True,False,True
bf_production_total__relative_delta_12h,bf_production_total,relative_delta_12h,-1425,0,True,False,True
bf_production_total__std_1h,bf_production_total,std_1h,-45,0,True,False,True
bf_production_total__std_4h,bf_production_total,std_4h,-225,0,True,False,True
bf_production_total__level_vs_168h,bf_production_total,level_vs_168h,-10065,0,True,False,True
air_heater_total__level,air_heater_total,level,0,0,True,False,True
air_heater_total__delta_1h,air_heater_total,delta_1h,-105,0,True,False,True
air_heater_total__relative_delta_1h,air_heater_total,relative_delta_1h,-105,0,True,False,True
air_heater_total__delta_2h,air_heater_total,delta_2h,-225,0,True,False,True
air_heater_total__relative_delta_2h,air_heater_total,relative_delta_2h,-225,0,True,False,True
air_heater_total__delta_4h,air_heater_total,delta_4h,-465,0,True,False,True
air_heater_total__relative_delta_4h,air_heater_total,relative_delta_4h,-465,0,True,False,True
air_heater_total__delta_6h,air_heater_total,delta_6h,-705,0,True,False,True
air_heater_total__relative_delta_6h,air_heater_total,relative_delta_6h,-705,0,True,False,True
air_heater_total__delta_12h,air_heater_total,delta_12h,-1425,0,True,False,True
air_heater_total__relative_delta_12h,air_heater_total,relative_delta_12h,-1425,0,True,False,True
air_heater_total__std_1h,air_heater_total,std_1h,-45,0,True,False,True
air_heater_total__std_4h,air_heater_total,std_4h,-225,0,True,False,True
air_heater_total__level_vs_168h,air_heater_total,level_vs_168h,-10065,0,True,False,True
bf_user_total__level,bf_user_total,level,0,0,True,False,True
bf_user_total__delta_1h,bf_user_total,delta_1h,-105,0,True,False,True
bf_user_total__relative_delta_1h,bf_user_total,relative_delta_1h,-105,0,True,False,True
bf_user_total__delta_2h,bf_user_total,delta_2h,-225,0,True,False,True
bf_user_total__relative_delta_2h,bf_user_total,relative_delta_2h,-225,0,True,False,True
bf_user_total__delta_4h,bf_user_total,delta_4h,-465,0,True,False,True
bf_user_total__relative_delta_4h,bf_user_total,relative_delta_4h,-465,0,True,False,True
bf_user_total__delta_6h,bf_user_total,delta_6h,-705,0,True,False,True
bf_user_total__relative_delta_6h,bf_user_total,relative_delta_6h,-705,0,True,False,True
bf_user_total__delta_12h,bf_user_total,delta_12h,-1425,0,True,False,True
bf_user_total__relative_delta_12h,bf_user_total,relative_delta_12h,-1425,0,True,False,True
bf_user_total__std_1h,bf_user_total,std_1h,-45,0,True,False,True
bf_user_total__std_4h,bf_user_total,std_4h,-225,0,True,False,True
bf_user_total__level_vs_168h,bf_user_total,level_vs_168h,-10065,0,True,False,True
converter_user_total__level,converter_user_total,level,0,0,True,False,True
converter_user_total__delta_1h,converter_user_total,delta_1h,-105,0,True,False,True
converter_user_total__relative_delta_1h,converter_user_total,relative_delta_1h,-105,0,True,False,True
converter_user_total__delta_2h,converter_user_total,delta_2h,-225,0,True,False,True
converter_user_total__relative_delta_2h,converter_user_total,relative_delta_2h,-225,0,True,False,True
converter_user_total__delta_4h,converter_user_total,delta_4h,-465,0,True,False,True
converter_user_total__relative_delta_4h,converter_user_total,relative_delta_4h,-465,0,True,False,True
converter_user_total__delta_6h,converter_user_total,delta_6h,-705,0,True,False,True
converter_user_total__relative_delta_6h,converter_user_total,relative_delta_6h,-705,0,True,False,True
converter_user_total__delta_12h,converter_user_total,delta_12h,-1425,0,True,False,True
converter_user_total__relative_delta_12h,converter_user_total,relative_delta_12h,-1425,0,True,False,True
converter_user_total__std_1h,converter_user_total,std_1h,-45,0,True,False,True
converter_user_total__std_4h,converter_user_total,std_4h,-225,0,True,False,True
converter_user_total__level_vs_168h,converter_user_total,level_vs_168h,-10065,0,True,False,True
generator_fuel_total__level,generator_fuel_total,level,0,0,True,False,True
generator_fuel_total__delta_1h,generator_fuel_total,delta_1h,-105,0,True,False,True
generator_fuel_total__relative_delta_1h,generator_fuel_total,relative_delta_1h,-105,0,True,False,True
generator_fuel_total__delta_2h,generator_fuel_total,delta_2h,-225,0,True,False,True
generator_fuel_total__relative_delta_2h,generator_fuel_total,relative_delta_2h,-225,0,True,False,True
generator_fuel_total__delta_4h,generator_fuel_total,delta_4h,-465,0,True,False,True
generator_fuel_total__relative_delta_4h,generator_fuel_total,relative_delta_4h,-465,0,True,False,True
generator_fuel_total__delta_6h,generator_fuel_total,delta_6h,-705,0,True,False,True
generator_fuel_total__relative_delta_6h,generator_fuel_total,relative_delta_6h,-705,0,True,False,True
generator_fuel_total__delta_12h,generator_fuel_total,delta_12h,-1425,0,True,False,True
generator_fuel_total__relative_delta_12h,generator_fuel_total,relative_delta_12h,-1425,0,True,False,True
generator_fuel_total__std_1h,generator_fuel_total,std_1h,-45,0,True,False,True
generator_fuel_total__std_4h,generator_fuel_total,std_4h,-225,0,True,False,True
generator_fuel_total__level_vs_168h,generator_fuel_total,level_vs_168h,-10065,0,True,False,True
generator_bf_fuel__level,generator_bf_fuel,level,0,0,True,False,True
generator_bf_fuel__delta_1h,generator_bf_fuel,delta_1h,-105,0,True,False,True
generator_bf_fuel__relative_delta_1h,generator_bf_fuel,relative_delta_1h,-105,0,True,False,True
generator_bf_fuel__delta_2h,generator_bf_fuel,delta_2h,-225,0,True,False,True
generator_bf_fuel__relative_delta_2h,generator_bf_fuel,relative_delta_2h,-225,0,True,False,True
generator_bf_fuel__delta_4h,generator_bf_fuel,delta_4h,-465,0,True,False,True
generator_bf_fuel__relative_delta_4h,generator_bf_fuel,relative_delta_4h,-465,0,True,False,True
generator_bf_fuel__delta_6h,generator_bf_fuel,delta_6h,-705,0,True,False,True
generator_bf_fuel__relative_delta_6h,generator_bf_fuel,relative_delta_6h,-705,0,True,False,True
generator_bf_fuel__delta_12h,generator_bf_fuel,delta_12h,-1425,0,True,False,True
generator_bf_fuel__relative_delta_12h,generator_bf_fuel,relative_delta_12h,-1425,0,True,False,True
generator_bf_fuel__std_1h,generator_bf_fuel,std_1h,-45,0,True,False,True
generator_bf_fuel__std_4h,generator_bf_fuel,std_4h,-225,0,True,False,True
generator_bf_fuel__level_vs_168h,generator_bf_fuel,level_vs_168h,-10065,0,True,False,True
generator_coke_fuel__level,generator_coke_fuel,level,0,0,True,False,True
generator_coke_fuel__delta_1h,generator_coke_fuel,delta_1h,-105,0,True,False,True
generator_coke_fuel__relative_delta_1h,generator_coke_fuel,relative_delta_1h,-105,0,True,False,True
generator_coke_fuel__delta_2h,generator_coke_fuel,delta_2h,-225,0,True,False,True
generator_coke_fuel__relative_delta_2h,generator_coke_fuel,relative_delta_2h,-225,0,True,False,True
generator_coke_fuel__delta_4h,generator_coke_fuel,delta_4h,-465,0,True,False,True
generator_coke_fuel__relative_delta_4h,generator_coke_fuel,relative_delta_4h,-465,0,True,False,True
generator_coke_fuel__delta_6h,generator_coke_fuel,delta_6h,-705,0,True,False,True
generator_coke_fuel__relative_delta_6h,generator_coke_fuel,relative_delta_6h,-705,0,True,False,True
generator_coke_fuel__delta_12h,generator_coke_fuel,delta_12h,-1425,0,True,False,True
generator_coke_fuel__relative_delta_12h,generator_coke_fuel,relative_delta_12h,-1425,0,True,False,True
generator_coke_fuel__std_1h,generator_coke_fuel,std_1h,-45,0,True,False,True
generator_coke_fuel__std_4h,generator_coke_fuel,std_4h,-225,0,True,False,True
generator_coke_fuel__level_vs_168h,generator_coke_fuel,level_vs_168h,-10065,0,True,False,True
generator_converter_fuel__level,generator_converter_fuel,level,0,0,True,False,True
generator_converter_fuel__delta_1h,generator_converter_fuel,delta_1h,-105,0,True,False,True
generator_converter_fuel__relative_delta_1h,generator_converter_fuel,relative_delta_1h,-105,0,True,False,True
generator_converter_fuel__delta_2h,generator_converter_fuel,delta_2h,-225,0,True,False,True
generator_converter_fuel__relative_delta_2h,generator_converter_fuel,relative_delta_2h,-225,0,True,False,True
generator_converter_fuel__delta_4h,generator_converter_fuel,delta_4h,-465,0,True,False,True
generator_converter_fuel__relative_delta_4h,generator_converter_fuel,relative_delta_4h,-465,0,True,False,True
generator_converter_fuel__delta_6h,generator_converter_fuel,delta_6h,-705,0,True,False,True
generator_converter_fuel__relative_delta_6h,generator_converter_fuel,relative_delta_6h,-705,0,True,False,True
generator_converter_fuel__delta_12h,generator_converter_fuel,delta_12h,-1425,0,True,False,True
generator_converter_fuel__relative_delta_12h,generator_converter_fuel,relative_delta_12h,-1425,0,True,False,True
generator_converter_fuel__std_1h,generator_converter_fuel,std_1h,-45,0,True,False,True
generator_converter_fuel__std_4h,generator_converter_fuel,std_4h,-225,0,True,False,True
generator_converter_fuel__level_vs_168h,generator_converter_fuel,level_vs_168h,-10065,0,True,False,True
mixed_gas_total__level,mixed_gas_total,level,0,0,True,False,True
mixed_gas_total__delta_1h,mixed_gas_total,delta_1h,-105,0,True,False,True
mixed_gas_total__relative_delta_1h,mixed_gas_total,relative_delta_1h,-105,0,True,False,True
mixed_gas_total__delta_2h,mixed_gas_total,delta_2h,-225,0,True,False,True
mixed_gas_total__relative_delta_2h,mixed_gas_total,relative_delta_2h,-225,0,True,False,True
mixed_gas_total__delta_4h,mixed_gas_total,delta_4h,-465,0,True,False,True
mixed_gas_total__relative_delta_4h,mixed_gas_total,relative_delta_4h,-465,0,True,False,True
mixed_gas_total__delta_6h,mixed_gas_total,delta_6h,-705,0,True,False,True
mixed_gas_total__relative_delta_6h,mixed_gas_total,relative_delta_6h,-705,0,True,False,True
mixed_gas_total__delta_12h,mixed_gas_total,delta_12h,-1425,0,True,False,True
mixed_gas_total__relative_delta_12h,mixed_gas_total,relative_delta_12h,-1425,0,True,False,True
mixed_gas_total__std_1h,mixed_gas_total,std_1h,-45,0,True,False,True
mixed_gas_total__std_4h,mixed_gas_total,std_4h,-225,0,True,False,True
mixed_gas_total__level_vs_168h,mixed_gas_total,level_vs_168h,-10065,0,True,False,True
holder_2__level,holder_2,level,0,0,True,False,True
holder_2__delta_1h,holder_2,delta_1h,-105,0,True,False,True
holder_2__relative_delta_1h,holder_2,relative_delta_1h,-105,0,True,False,True
holder_2__delta_2h,holder_2,delta_2h,-225,0,True,False,True
holder_2__relative_delta_2h,holder_2,relative_delta_2h,-225,0,True,False,True
holder_2__delta_4h,holder_2,delta_4h,-465,0,True,False,True
holder_2__relative_delta_4h,holder_2,relative_delta_4h,-465,0,True,False,True
holder_2__delta_6h,holder_2,delta_6h,-705,0,True,False,True
holder_2__relative_delta_6h,holder_2,relative_delta_6h,-705,0,True,False,True
holder_2__delta_12h,holder_2,delta_12h,-1425,0,True,False,True
holder_2__relative_delta_12h,holder_2,relative_delta_12h,-1425,0,True,False,True
holder_2__std_1h,holder_2,std_1h,-45,0,True,False,True
holder_2__std_4h,holder_2,std_4h,-225,0,True,False,True
holder_2__level_vs_168h,holder_2,level_vs_168h,-10065,0,True,False,True
bf_balance_proxy__level,bf_balance_proxy,level,0,0,True,False,True
bf_balance_proxy__delta_1h,bf_balance_proxy,delta_1h,-105,0,True,False,True
bf_balance_proxy__relative_delta_1h,bf_balance_proxy,relative_delta_1h,-105,0,True,False,True
bf_balance_proxy__delta_2h,bf_balance_proxy,delta_2h,-225,0,True,False,True
bf_balance_proxy__relative_delta_2h,bf_balance_proxy,relative_delta_2h,-225,0,True,False,True
bf_balance_proxy__delta_4h,bf_balance_proxy,delta_4h,-465,0,True,False,True
bf_balance_proxy__relative_delta_4h,bf_balance_proxy,relative_delta_4h,-465,0,True,False,True
bf_balance_proxy__delta_6h,bf_balance_proxy,delta_6h,-705,0,True,False,True
bf_balance_proxy__relative_delta_6h,bf_balance_proxy,relative_delta_6h,-705,0,True,False,True
bf_balance_proxy__delta_12h,bf_balance_proxy,delta_12h,-1425,0,True,False,True
bf_balance_proxy__relative_delta_12h,bf_balance_proxy,relative_delta_12h,-1425,0,True,False,True
bf_balance_proxy__std_1h,bf_balance_proxy,std_1h,-45,0,True,False,True
bf_balance_proxy__std_4h,bf_balance_proxy,std_4h,-225,0,True,False,True
bf_balance_proxy__level_vs_168h,bf_balance_proxy,level_vs_168h,-10065,0,True,False,True
coke_balance_proxy__level,coke_balance_proxy,level,0,0,True,False,True
coke_balance_proxy__delta_1h,coke_balance_proxy,delta_1h,-105,0,True,False,True
coke_balance_proxy__relative_delta_1h,coke_balance_proxy,relative_delta_1h,-105,0,True,False,True
coke_balance_proxy__delta_2h,coke_balance_proxy,delta_2h,-225,0,True,False,True
coke_balance_proxy__relative_delta_2h,coke_balance_proxy,relative_delta_2h,-225,0,True,False,True
coke_balance_proxy__delta_4h,coke_balance_proxy,delta_4h,-465,0,True,False,True
coke_balance_proxy__relative_delta_4h,coke_balance_proxy,relative_delta_4h,-465,0,True,False,True
coke_balance_proxy__delta_6h,coke_balance_proxy,delta_6h,-705,0,True,False,True
coke_balance_proxy__relative_delta_6h,coke_balance_proxy,relative_delta_6h,-705,0,True,False,True
coke_balance_proxy__delta_12h,coke_balance_proxy,delta_12h,-1425,0,True,False,True
coke_balance_proxy__relative_delta_12h,coke_balance_proxy,relative_delta_12h,-1425,0,True,False,True
coke_balance_proxy__std_1h,coke_balance_proxy,std_1h,-45,0,True,False,True
coke_balance_proxy__std_4h,coke_balance_proxy,std_4h,-225,0,True,False,True
coke_balance_proxy__level_vs_168h,coke_balance_proxy,level_vs_168h,-10065,0,True,False,True
converter_balance_proxy__level,converter_balance_proxy,level,0,0,True,False,True
converter_balance_proxy__delta_1h,converter_balance_proxy,delta_1h,-105,0,True,False,True
converter_balance_proxy__relative_delta_1h,converter_balance_proxy,relative_delta_1h,-105,0,True,False,True
converter_balance_proxy__delta_2h,converter_balance_proxy,delta_2h,-225,0,True,False,True
converter_balance_proxy__relative_delta_2h,converter_balance_proxy,relative_delta_2h,-225,0,True,False,True
converter_balance_proxy__delta_4h,converter_balance_proxy,delta_4h,-465,0,True,False,True
converter_balance_proxy__relative_delta_4h,converter_balance_proxy,relative_delta_4h,-465,0,True,False,True
converter_balance_proxy__delta_6h,converter_balance_proxy,delta_6h,-705,0,True,False,True
converter_balance_proxy__relative_delta_6h,converter_balance_proxy,relative_delta_6h,-705,0,True,False,True
converter_balance_proxy__delta_12h,converter_balance_proxy,delta_12h,-1425,0,True,False,True
converter_balance_proxy__relative_delta_12h,converter_balance_proxy,relative_delta_12h,-1425,0,True,False,True
converter_balance_proxy__std_1h,converter_balance_proxy,std_1h,-45,0,True,False,True
converter_balance_proxy__std_4h,converter_balance_proxy,std_4h,-225,0,True,False,True
converter_balance_proxy__level_vs_168h,converter_balance_proxy,level_vs_168h,-10065,0,True,False,True
balance_proxy_total__level,balance_proxy_total,level,0,0,True,False,True
balance_proxy_total__delta_1h,balance_proxy_total,delta_1h,-105,0,True,False,True
balance_proxy_total__relative_delta_1h,balance_proxy_total,relative_delta_1h,-105,0,True,False,True
balance_proxy_total__delta_2h,balance_proxy_total,delta_2h,-225,0,True,False,True
balance_proxy_total__relative_delta_2h,balance_proxy_total,relative_delta_2h,-225,0,True,False,True
balance_proxy_total__delta_4h,balance_proxy_total,delta_4h,-465,0,True,False,True
balance_proxy_total__relative_delta_4h,balance_proxy_total,relative_delta_4h,-465,0,True,False,True
balance_proxy_total__delta_6h,balance_proxy_total,delta_6h,-705,0,True,False,True
balance_proxy_total__relative_delta_6h,balance_proxy_total,relative_delta_6h,-705,0,True,False,True
balance_proxy_total__delta_12h,balance_proxy_total,delta_12h,-1425,0,True,False,True
balance_proxy_total__relative_delta_12h,balance_proxy_total,relative_delta_12h,-1425,0,True,False,True
balance_proxy_total__std_1h,balance_proxy_total,std_1h,-45,0,True,False,True
balance_proxy_total__std_4h,balance_proxy_total,std_4h,-225,0,True,False,True
balance_proxy_total__level_vs_168h,balance_proxy_total,level_vs_168h,-10065,0,True,False,True
