feature_name,base_signal,transform,source_offset_min_minutes,source_offset_max_minutes,causal
blast_furnace_1,blast_furnace_1,current,0,0,True
blast_furnace_1__lag_15m,blast_furnace_1,lag_15m,-15,-15,True
blast_furnace_1__lag_60m,blast_furnace_1,lag_60m,-60,-60,True
blast_furnace_1__lag_180m,blast_furnace_1,lag_180m,-180,-180,True
blast_furnace_1__lag_720m,blast_furnace_1,lag_720m,-720,-720,True
blast_furnace_1__lag_1440m,blast_furnace_1,lag_1440m,-1440,-1440,True
blast_furnace_1__roll_15m_mean,blast_furnace_1,rolling_15m_mean,-14,0,True
blast_furnace_1__roll_15m_std,blast_furnace_1,rolling_15m_std,-14,0,True
blast_furnace_1__roll_60m_mean,blast_furnace_1,rolling_60m_mean,-59,0,True
blast_furnace_1__roll_60m_std,blast_furnace_1,rolling_60m_std,-59,0,True
blast_furnace_1__roll_180m_mean,blast_furnace_1,rolling_180m_mean,-179,0,True
blast_furnace_1__roll_180m_std,blast_furnace_1,rolling_180m_std,-179,0,True
blast_furnace_1__roll_720m_mean,blast_furnace_1,rolling_720m_mean,-719,0,True
blast_furnace_1__roll_720m_std,blast_furnace_1,rolling_720m_std,-719,0,True
blast_furnace_1__roll_1440m_mean,blast_furnace_1,rolling_1440m_mean,-1439,0,True
blast_furnace_1__roll_1440m_std,blast_furnace_1,rolling_1440m_std,-1439,0,True
blast_furnace_2,blast_furnace_2,current,0,0,True
blast_furnace_2__lag_15m,blast_furnace_2,lag_15m,-15,-15,True
blast_furnace_2__lag_60m,blast_furnace_2,lag_60m,-60,-60,True
blast_furnace_2__lag_180m,blast_furnace_2,lag_180m,-180,-180,True
blast_furnace_2__lag_720m,blast_furnace_2,lag_720m,-720,-720,True
blast_furnace_2__lag_1440m,blast_furnace_2,lag_1440m,-1440,-1440,True
blast_furnace_2__roll_15m_mean,blast_furnace_2,rolling_15m_mean,-14,0,True
blast_furnace_2__roll_15m_std,blast_furnace_2,rolling_15m_std,-14,0,True
blast_furnace_2__roll_60m_mean,blast_furnace_2,rolling_60m_mean,-59,0,True
blast_furnace_2__roll_60m_std,blast_furnace_2,rolling_60m_std,-59,0,True
blast_furnace_2__roll_180m_mean,blast_furnace_2,rolling_180m_mean,-179,0,True
blast_furnace_2__roll_180m_std,blast_furnace_2,rolling_180m_std,-179,0,True
blast_furnace_2__roll_720m_mean,blast_furnace_2,rolling_720m_mean,-719,0,True
blast_furnace_2__roll_720m_std,blast_furnace_2,rolling_720m_std,-719,0,True
blast_furnace_2__roll_1440m_mean,blast_furnace_2,rolling_1440m_mean,-1439,0,True
blast_furnace_2__roll_1440m_std,blast_furnace_2,rolling_1440m_std,-1439,0,True
blast_furnace_3,blast_furnace_3,current,0,0,True
blast_furnace_3__lag_15m,blast_furnace_3,lag_15m,-15,-15,True
blast_furnace_3__lag_60m,blast_furnace_3,lag_60m,-60,-60,True
blast_furnace_3__lag_180m,blast_furnace_3,lag_180m,-180,-180,True
blast_furnace_3__lag_720m,blast_furnace_3,lag_720m,-720,-720,True
blast_furnace_3__lag_1440m,blast_furnace_3,lag_1440m,-1440,-1440,True
blast_furnace_3__roll_15m_mean,blast_furnace_3,rolling_15m_mean,-14,0,True
blast_furnace_3__roll_15m_std,blast_furnace_3,rolling_15m_std,-14,0,True
blast_furnace_3__roll_60m_mean,blast_furnace_3,rolling_60m_mean,-59,0,True
blast_furnace_3__roll_60m_std,blast_furnace_3,rolling_60m_std,-59,0,True
blast_furnace_3__roll_180m_mean,blast_furnace_3,rolling_180m_mean,-179,0,True
blast_furnace_3__roll_180m_std,blast_furnace_3,rolling_180m_std,-179,0,True
blast_furnace_3__roll_720m_mean,blast_furnace_3,rolling_720m_mean,-719,0,True
blast_furnace_3__roll_720m_std,blast_furnace_3,rolling_720m_std,-719,0,True
blast_furnace_3__roll_1440m_mean,blast_furnace_3,rolling_1440m_mean,-1439,0,True
blast_furnace_3__roll_1440m_std,blast_furnace_3,rolling_1440m_std,-1439,0,True
blast_furnace_4,blast_furnace_4,current,0,0,True
blast_furnace_4__lag_15m,blast_furnace_4,lag_15m,-15,-15,True
blast_furnace_4__lag_60m,blast_furnace_4,lag_60m,-60,-60,True
blast_furnace_4__lag_180m,blast_furnace_4,lag_180m,-180,-180,True
blast_furnace_4__lag_720m,blast_furnace_4,lag_720m,-720,-720,True
blast_furnace_4__lag_1440m,blast_furnace_4,lag_1440m,-1440,-1440,True
blast_furnace_4__roll_15m_mean,blast_furnace_4,rolling_15m_mean,-14,0,True
blast_furnace_4__roll_15m_std,blast_furnace_4,rolling_15m_std,-14,0,True
blast_furnace_4__roll_60m_mean,blast_furnace_4,rolling_60m_mean,-59,0,True
blast_furnace_4__roll_60m_std,blast_furnace_4,rolling_60m_std,-59,0,True
blast_furnace_4__roll_180m_mean,blast_furnace_4,rolling_180m_mean,-179,0,True
blast_furnace_4__roll_180m_std,blast_furnace_4,rolling_180m_std,-179,0,True
blast_furnace_4__roll_720m_mean,blast_furnace_4,rolling_720m_mean,-719,0,True
blast_furnace_4__roll_720m_std,blast_furnace_4,rolling_720m_std,-719,0,True
blast_furnace_4__roll_1440m_mean,blast_furnace_4,rolling_1440m_mean,-1439,0,True
blast_furnace_4__roll_1440m_std,blast_furnace_4,rolling_1440m_std,-1439,0,True
blast_furnace_5,blast_furnace_5,current,0,0,True
blast_furnace_5__lag_15m,blast_furnace_5,lag_15m,-15,-15,True
blast_furnace_5__lag_60m,blast_furnace_5,lag_60m,-60,-60,True
blast_furnace_5__lag_180m,blast_furnace_5,lag_180m,-180,-180,True
blast_furnace_5__lag_720m,blast_furnace_5,lag_720m,-720,-720,True
blast_furnace_5__lag_1440m,blast_furnace_5,lag_1440m,-1440,-1440,True
blast_furnace_5__roll_15m_mean,blast_furnace_5,rolling_15m_mean,-14,0,True
blast_furnace_5__roll_15m_std,blast_furnace_5,rolling_15m_std,-14,0,True
blast_furnace_5__roll_60m_mean,blast_furnace_5,rolling_60m_mean,-59,0,True
blast_furnace_5__roll_60m_std,blast_furnace_5,rolling_60m_std,-59,0,True
blast_furnace_5__roll_180m_mean,blast_furnace_5,rolling_180m_mean,-179,0,True
blast_furnace_5__roll_180m_std,blast_furnace_5,rolling_180m_std,-179,0,True
blast_furnace_5__roll_720m_mean,blast_furnace_5,rolling_720m_mean,-719,0,True
blast_furnace_5__roll_720m_std,blast_furnace_5,rolling_720m_std,-719,0,True
blast_furnace_5__roll_1440m_mean,blast_furnace_5,rolling_1440m_mean,-1439,0,True
blast_furnace_5__roll_1440m_std,blast_furnace_5,rolling_1440m_std,-1439,0,True
coke_oven_1,coke_oven_1,current,0,0,True
coke_oven_1__lag_15m,coke_oven_1,lag_15m,-15,-15,True
coke_oven_1__lag_60m,coke_oven_1,lag_60m,-60,-60,True
coke_oven_1__lag_180m,coke_oven_1,lag_180m,-180,-180,True
coke_oven_1__lag_720m,coke_oven_1,lag_720m,-720,-720,True
coke_oven_1__lag_1440m,coke_oven_1,lag_1440m,-1440,-1440,True
coke_oven_1__roll_15m_mean,coke_oven_1,rolling_15m_mean,-14,0,True
coke_oven_1__roll_15m_std,coke_oven_1,rolling_15m_std,-14,0,True
coke_oven_1__roll_60m_mean,coke_oven_1,rolling_60m_mean,-59,0,True
coke_oven_1__roll_60m_std,coke_oven_1,rolling_60m_std,-59,0,True
coke_oven_1__roll_180m_mean,coke_oven_1,rolling_180m_mean,-179,0,True
coke_oven_1__roll_180m_std,coke_oven_1,rolling_180m_std,-179,0,True
coke_oven_1__roll_720m_mean,coke_oven_1,rolling_720m_mean,-719,0,True
coke_oven_1__roll_720m_std,coke_oven_1,rolling_720m_std,-719,0,True
coke_oven_1__roll_1440m_mean,coke_oven_1,rolling_1440m_mean,-1439,0,True
coke_oven_1__roll_1440m_std,coke_oven_1,rolling_1440m_std,-1439,0,True
converter_1,converter_1,current,0,0,True
converter_1__lag_15m,converter_1,lag_15m,-15,-15,True
converter_1__lag_60m,converter_1,lag_60m,-60,-60,True
converter_1__lag_180m,converter_1,lag_180m,-180,-180,True
converter_1__lag_720m,converter_1,lag_720m,-720,-720,True
converter_1__lag_1440m,converter_1,lag_1440m,-1440,-1440,True
converter_1__roll_15m_mean,converter_1,rolling_15m_mean,-14,0,True
converter_1__roll_15m_std,converter_1,rolling_15m_std,-14,0,True
converter_1__roll_60m_mean,converter_1,rolling_60m_mean,-59,0,True
converter_1__roll_60m_std,converter_1,rolling_60m_std,-59,0,True
converter_1__roll_180m_mean,converter_1,rolling_180m_mean,-179,0,True
converter_1__roll_180m_std,converter_1,rolling_180m_std,-179,0,True
converter_1__roll_720m_mean,converter_1,rolling_720m_mean,-719,0,True
converter_1__roll_720m_std,converter_1,rolling_720m_std,-719,0,True
converter_1__roll_1440m_mean,converter_1,rolling_1440m_mean,-1439,0,True
converter_1__roll_1440m_std,converter_1,rolling_1440m_std,-1439,0,True
air_heater_1,air_heater_1,current,0,0,True
air_heater_1__lag_15m,air_heater_1,lag_15m,-15,-15,True
air_heater_1__lag_60m,air_heater_1,lag_60m,-60,-60,True
air_heater_1__lag_180m,air_heater_1,lag_180m,-180,-180,True
air_heater_1__lag_720m,air_heater_1,lag_720m,-720,-720,True
air_heater_1__lag_1440m,air_heater_1,lag_1440m,-1440,-1440,True
air_heater_1__roll_15m_mean,air_heater_1,rolling_15m_mean,-14,0,True
air_heater_1__roll_15m_std,air_heater_1,rolling_15m_std,-14,0,True
air_heater_1__roll_60m_mean,air_heater_1,rolling_60m_mean,-59,0,True
air_heater_1__roll_60m_std,air_heater_1,rolling_60m_std,-59,0,True
air_heater_1__roll_180m_mean,air_heater_1,rolling_180m_mean,-179,0,True
air_heater_1__roll_180m_std,air_heater_1,rolling_180m_std,-179,0,True
air_heater_1__roll_720m_mean,air_heater_1,rolling_720m_mean,-719,0,True
air_heater_1__roll_720m_std,air_heater_1,rolling_720m_std,-719,0,True
air_heater_1__roll_1440m_mean,air_heater_1,rolling_1440m_mean,-1439,0,True
air_heater_1__roll_1440m_std,air_heater_1,rolling_1440m_std,-1439,0,True
air_heater_2,air_heater_2,current,0,0,True
air_heater_2__lag_15m,air_heater_2,lag_15m,-15,-15,True
air_heater_2__lag_60m,air_heater_2,lag_60m,-60,-60,True
air_heater_2__lag_180m,air_heater_2,lag_180m,-180,-180,True
air_heater_2__lag_720m,air_heater_2,lag_720m,-720,-720,True
air_heater_2__lag_1440m,air_heater_2,lag_1440m,-1440,-1440,True
air_heater_2__roll_15m_mean,air_heater_2,rolling_15m_mean,-14,0,True
air_heater_2__roll_15m_std,air_heater_2,rolling_15m_std,-14,0,True
air_heater_2__roll_60m_mean,air_heater_2,rolling_60m_mean,-59,0,True
air_heater_2__roll_60m_std,air_heater_2,rolling_60m_std,-59,0,True
air_heater_2__roll_180m_mean,air_heater_2,rolling_180m_mean,-179,0,True
air_heater_2__roll_180m_std,air_heater_2,rolling_180m_std,-179,0,True
air_heater_2__roll_720m_mean,air_heater_2,rolling_720m_mean,-719,0,True
air_heater_2__roll_720m_std,air_heater_2,rolling_720m_std,-719,0,True
air_heater_2__roll_1440m_mean,air_heater_2,rolling_1440m_mean,-1439,0,True
air_heater_2__roll_1440m_std,air_heater_2,rolling_1440m_std,-1439,0,True
air_heater_3,air_heater_3,current,0,0,True
air_heater_3__lag_15m,air_heater_3,lag_15m,-15,-15,True
air_heater_3__lag_60m,air_heater_3,lag_60m,-60,-60,True
air_heater_3__lag_180m,air_heater_3,lag_180m,-180,-180,True
air_heater_3__lag_720m,air_heater_3,lag_720m,-720,-720,True
air_heater_3__lag_1440m,air_heater_3,lag_1440m,-1440,-1440,True
air_heater_3__roll_15m_mean,air_heater_3,rolling_15m_mean,-14,0,True
air_heater_3__roll_15m_std,air_heater_3,rolling_15m_std,-14,0,True
air_heater_3__roll_60m_mean,air_heater_3,rolling_60m_mean,-59,0,True
air_heater_3__roll_60m_std,air_heater_3,rolling_60m_std,-59,0,True
air_heater_3__roll_180m_mean,air_heater_3,rolling_180m_mean,-179,0,True
air_heater_3__roll_180m_std,air_heater_3,rolling_180m_std,-179,0,True
air_heater_3__roll_720m_mean,air_heater_3,rolling_720m_mean,-719,0,True
air_heater_3__roll_720m_std,air_heater_3,rolling_720m_std,-719,0,True
air_heater_3__roll_1440m_mean,air_heater_3,rolling_1440m_mean,-1439,0,True
air_heater_3__roll_1440m_std,air_heater_3,rolling_1440m_std,-1439,0,True
air_heater_4,air_heater_4,current,0,0,True
air_heater_4__lag_15m,air_heater_4,lag_15m,-15,-15,True
air_heater_4__lag_60m,air_heater_4,lag_60m,-60,-60,True
air_heater_4__lag_180m,air_heater_4,lag_180m,-180,-180,True
air_heater_4__lag_720m,air_heater_4,lag_720m,-720,-720,True
air_heater_4__lag_1440m,air_heater_4,lag_1440m,-1440,-1440,True
air_heater_4__roll_15m_mean,air_heater_4,rolling_15m_mean,-14,0,True
air_heater_4__roll_15m_std,air_heater_4,rolling_15m_std,-14,0,True
air_heater_4__roll_60m_mean,air_heater_4,rolling_60m_mean,-59,0,True
air_heater_4__roll_60m_std,air_heater_4,rolling_60m_std,-59,0,True
air_heater_4__roll_180m_mean,air_heater_4,rolling_180m_mean,-179,0,True
air_heater_4__roll_180m_std,air_heater_4,rolling_180m_std,-179,0,True
air_heater_4__roll_720m_mean,air_heater_4,rolling_720m_mean,-719,0,True
air_heater_4__roll_720m_std,air_heater_4,rolling_720m_std,-719,0,True
air_heater_4__roll_1440m_mean,air_heater_4,rolling_1440m_mean,-1439,0,True
air_heater_4__roll_1440m_std,air_heater_4,rolling_1440m_std,-1439,0,True
air_heater_5,air_heater_5,current,0,0,True
air_heater_5__lag_15m,air_heater_5,lag_15m,-15,-15,True
air_heater_5__lag_60m,air_heater_5,lag_60m,-60,-60,True
air_heater_5__lag_180m,air_heater_5,lag_180m,-180,-180,True
air_heater_5__lag_720m,air_heater_5,lag_720m,-720,-720,True
air_heater_5__lag_1440m,air_heater_5,lag_1440m,-1440,-1440,True
air_heater_5__roll_15m_mean,air_heater_5,rolling_15m_mean,-14,0,True
air_heater_5__roll_15m_std,air_heater_5,rolling_15m_std,-14,0,True
air_heater_5__roll_60m_mean,air_heater_5,rolling_60m_mean,-59,0,True
air_heater_5__roll_60m_std,air_heater_5,rolling_60m_std,-59,0,True
air_heater_5__roll_180m_mean,air_heater_5,rolling_180m_mean,-179,0,True
air_heater_5__roll_180m_std,air_heater_5,rolling_180m_std,-179,0,True
air_heater_5__roll_720m_mean,air_heater_5,rolling_720m_mean,-719,0,True
air_heater_5__roll_720m_std,air_heater_5,rolling_720m_std,-719,0,True
air_heater_5__roll_1440m_mean,air_heater_5,rolling_1440m_mean,-1439,0,True
air_heater_5__roll_1440m_std,air_heater_5,rolling_1440m_std,-1439,0,True
into_gas_mixed_coke,into_gas_mixed_coke,current,0,0,True
into_gas_mixed_coke__lag_15m,into_gas_mixed_coke,lag_15m,-15,-15,True
into_gas_mixed_coke__lag_60m,into_gas_mixed_coke,lag_60m,-60,-60,True
into_gas_mixed_coke__lag_180m,into_gas_mixed_coke,lag_180m,-180,-180,True
into_gas_mixed_coke__lag_720m,into_gas_mixed_coke,lag_720m,-720,-720,True
into_gas_mixed_coke__lag_1440m,into_gas_mixed_coke,lag_1440m,-1440,-1440,True
into_gas_mixed_coke__roll_15m_mean,into_gas_mixed_coke,rolling_15m_mean,-14,0,True
into_gas_mixed_coke__roll_15m_std,into_gas_mixed_coke,rolling_15m_std,-14,0,True
into_gas_mixed_coke__roll_60m_mean,into_gas_mixed_coke,rolling_60m_mean,-59,0,True
into_gas_mixed_coke__roll_60m_std,into_gas_mixed_coke,rolling_60m_std,-59,0,True
into_gas_mixed_coke__roll_180m_mean,into_gas_mixed_coke,rolling_180m_mean,-179,0,True
into_gas_mixed_coke__roll_180m_std,into_gas_mixed_coke,rolling_180m_std,-179,0,True
into_gas_mixed_coke__roll_720m_mean,into_gas_mixed_coke,rolling_720m_mean,-719,0,True
into_gas_mixed_coke__roll_720m_std,into_gas_mixed_coke,rolling_720m_std,-719,0,True
into_gas_mixed_coke__roll_1440m_mean,into_gas_mixed_coke,rolling_1440m_mean,-1439,0,True
into_gas_mixed_coke__roll_1440m_std,into_gas_mixed_coke,rolling_1440m_std,-1439,0,True
into_gas_mixed_blast_furnace,into_gas_mixed_blast_furnace,current,0,0,True
into_gas_mixed_blast_furnace__lag_15m,into_gas_mixed_blast_furnace,lag_15m,-15,-15,True
into_gas_mixed_blast_furnace__lag_60m,into_gas_mixed_blast_furnace,lag_60m,-60,-60,True
into_gas_mixed_blast_furnace__lag_180m,into_gas_mixed_blast_furnace,lag_180m,-180,-180,True
into_gas_mixed_blast_furnace__lag_720m,into_gas_mixed_blast_furnace,lag_720m,-720,-720,True
into_gas_mixed_blast_furnace__lag_1440m,into_gas_mixed_blast_furnace,lag_1440m,-1440,-1440,True
into_gas_mixed_blast_furnace__roll_15m_mean,into_gas_mixed_blast_furnace,rolling_15m_mean,-14,0,True
into_gas_mixed_blast_furnace__roll_15m_std,into_gas_mixed_blast_furnace,rolling_15m_std,-14,0,True
into_gas_mixed_blast_furnace__roll_60m_mean,into_gas_mixed_blast_furnace,rolling_60m_mean,-59,0,True
into_gas_mixed_blast_furnace__roll_60m_std,into_gas_mixed_blast_furnace,rolling_60m_std,-59,0,True
into_gas_mixed_blast_furnace__roll_180m_mean,into_gas_mixed_blast_furnace,rolling_180m_mean,-179,0,True
into_gas_mixed_blast_furnace__roll_180m_std,into_gas_mixed_blast_furnace,rolling_180m_std,-179,0,True
into_gas_mixed_blast_furnace__roll_720m_mean,into_gas_mixed_blast_furnace,rolling_720m_mean,-719,0,True
into_gas_mixed_blast_furnace__roll_720m_std,into_gas_mixed_blast_furnace,rolling_720m_std,-719,0,True
into_gas_mixed_blast_furnace__roll_1440m_mean,into_gas_mixed_blast_furnace,rolling_1440m_mean,-1439,0,True
into_gas_mixed_blast_furnace__roll_1440m_std,into_gas_mixed_blast_furnace,rolling_1440m_std,-1439,0,True
into_gas_mixed_converter,into_gas_mixed_converter,current,0,0,True
into_gas_mixed_converter__lag_15m,into_gas_mixed_converter,lag_15m,-15,-15,True
into_gas_mixed_converter__lag_60m,into_gas_mixed_converter,lag_60m,-60,-60,True
into_gas_mixed_converter__lag_180m,into_gas_mixed_converter,lag_180m,-180,-180,True
into_gas_mixed_converter__lag_720m,into_gas_mixed_converter,lag_720m,-720,-720,True
into_gas_mixed_converter__lag_1440m,into_gas_mixed_converter,lag_1440m,-1440,-1440,True
into_gas_mixed_converter__roll_15m_mean,into_gas_mixed_converter,rolling_15m_mean,-14,0,True
into_gas_mixed_converter__roll_15m_std,into_gas_mixed_converter,rolling_15m_std,-14,0,True
into_gas_mixed_converter__roll_60m_mean,into_gas_mixed_converter,rolling_60m_mean,-59,0,True
into_gas_mixed_converter__roll_60m_std,into_gas_mixed_converter,rolling_60m_std,-59,0,True
into_gas_mixed_converter__roll_180m_mean,into_gas_mixed_converter,rolling_180m_mean,-179,0,True
into_gas_mixed_converter__roll_180m_std,into_gas_mixed_converter,rolling_180m_std,-179,0,True
into_gas_mixed_converter__roll_720m_mean,into_gas_mixed_converter,rolling_720m_mean,-719,0,True
into_gas_mixed_converter__roll_720m_std,into_gas_mixed_converter,rolling_720m_std,-719,0,True
into_gas_mixed_converter__roll_1440m_mean,into_gas_mixed_converter,rolling_1440m_mean,-1439,0,True
into_gas_mixed_converter__roll_1440m_std,into_gas_mixed_converter,rolling_1440m_std,-1439,0,True
blast_furnace_user1,blast_furnace_user1,current,0,0,True
blast_furnace_user1__lag_15m,blast_furnace_user1,lag_15m,-15,-15,True
blast_furnace_user1__lag_60m,blast_furnace_user1,lag_60m,-60,-60,True
blast_furnace_user1__lag_180m,blast_furnace_user1,lag_180m,-180,-180,True
blast_furnace_user1__lag_720m,blast_furnace_user1,lag_720m,-720,-720,True
blast_furnace_user1__lag_1440m,blast_furnace_user1,lag_1440m,-1440,-1440,True
blast_furnace_user1__roll_15m_mean,blast_furnace_user1,rolling_15m_mean,-14,0,True
blast_furnace_user1__roll_15m_std,blast_furnace_user1,rolling_15m_std,-14,0,True
blast_furnace_user1__roll_60m_mean,blast_furnace_user1,rolling_60m_mean,-59,0,True
blast_furnace_user1__roll_60m_std,blast_furnace_user1,rolling_60m_std,-59,0,True
blast_furnace_user1__roll_180m_mean,blast_furnace_user1,rolling_180m_mean,-179,0,True
blast_furnace_user1__roll_180m_std,blast_furnace_user1,rolling_180m_std,-179,0,True
blast_furnace_user1__roll_720m_mean,blast_furnace_user1,rolling_720m_mean,-719,0,True
blast_furnace_user1__roll_720m_std,blast_furnace_user1,rolling_720m_std,-719,0,True
blast_furnace_user1__roll_1440m_mean,blast_furnace_user1,rolling_1440m_mean,-1439,0,True
blast_furnace_user1__roll_1440m_std,blast_furnace_user1,rolling_1440m_std,-1439,0,True
blast_furnace_user2,blast_furnace_user2,current,0,0,True
blast_furnace_user2__lag_15m,blast_furnace_user2,lag_15m,-15,-15,True
blast_furnace_user2__lag_60m,blast_furnace_user2,lag_60m,-60,-60,True
blast_furnace_user2__lag_180m,blast_furnace_user2,lag_180m,-180,-180,True
blast_furnace_user2__lag_720m,blast_furnace_user2,lag_720m,-720,-720,True
blast_furnace_user2__lag_1440m,blast_furnace_user2,lag_1440m,-1440,-1440,True
blast_furnace_user2__roll_15m_mean,blast_furnace_user2,rolling_15m_mean,-14,0,True
blast_furnace_user2__roll_15m_std,blast_furnace_user2,rolling_15m_std,-14,0,True
blast_furnace_user2__roll_60m_mean,blast_furnace_user2,rolling_60m_mean,-59,0,True
blast_furnace_user2__roll_60m_std,blast_furnace_user2,rolling_60m_std,-59,0,True
blast_furnace_user2__roll_180m_mean,blast_furnace_user2,rolling_180m_mean,-179,0,True
blast_furnace_user2__roll_180m_std,blast_furnace_user2,rolling_180m_std,-179,0,True
blast_furnace_user2__roll_720m_mean,blast_furnace_user2,rolling_720m_mean,-719,0,True
blast_furnace_user2__roll_720m_std,blast_furnace_user2,rolling_720m_std,-719,0,True
blast_furnace_user2__roll_1440m_mean,blast_furnace_user2,rolling_1440m_mean,-1439,0,True
blast_furnace_user2__roll_1440m_std,blast_furnace_user2,rolling_1440m_std,-1439,0,True
blast_furnace_user3,blast_furnace_user3,current,0,0,True
blast_furnace_user3__lag_15m,blast_furnace_user3,lag_15m,-15,-15,True
blast_furnace_user3__lag_60m,blast_furnace_user3,lag_60m,-60,-60,True
blast_furnace_user3__lag_180m,blast_furnace_user3,lag_180m,-180,-180,True
blast_furnace_user3__lag_720m,blast_furnace_user3,lag_720m,-720,-720,True
blast_furnace_user3__lag_1440m,blast_furnace_user3,lag_1440m,-1440,-1440,True
blast_furnace_user3__roll_15m_mean,blast_furnace_user3,rolling_15m_mean,-14,0,True
blast_furnace_user3__roll_15m_std,blast_furnace_user3,rolling_15m_std,-14,0,True
blast_furnace_user3__roll_60m_mean,blast_furnace_user3,rolling_60m_mean,-59,0,True
blast_furnace_user3__roll_60m_std,blast_furnace_user3,rolling_60m_std,-59,0,True
blast_furnace_user3__roll_180m_mean,blast_furnace_user3,rolling_180m_mean,-179,0,True
blast_furnace_user3__roll_180m_std,blast_furnace_user3,rolling_180m_std,-179,0,True
blast_furnace_user3__roll_720m_mean,blast_furnace_user3,rolling_720m_mean,-719,0,True
blast_furnace_user3__roll_720m_std,blast_furnace_user3,rolling_720m_std,-719,0,True
blast_furnace_user3__roll_1440m_mean,blast_furnace_user3,rolling_1440m_mean,-1439,0,True
blast_furnace_user3__roll_1440m_std,blast_furnace_user3,rolling_1440m_std,-1439,0,True
blast_furnace_user4,blast_furnace_user4,current,0,0,True
blast_furnace_user4__lag_15m,blast_furnace_user4,lag_15m,-15,-15,True
blast_furnace_user4__lag_60m,blast_furnace_user4,lag_60m,-60,-60,True
blast_furnace_user4__lag_180m,blast_furnace_user4,lag_180m,-180,-180,True
blast_furnace_user4__lag_720m,blast_furnace_user4,lag_720m,-720,-720,True
blast_furnace_user4__lag_1440m,blast_furnace_user4,lag_1440m,-1440,-1440,True
blast_furnace_user4__roll_15m_mean,blast_furnace_user4,rolling_15m_mean,-14,0,True
blast_furnace_user4__roll_15m_std,blast_furnace_user4,rolling_15m_std,-14,0,True
blast_furnace_user4__roll_60m_mean,blast_furnace_user4,rolling_60m_mean,-59,0,True
blast_furnace_user4__roll_60m_std,blast_furnace_user4,rolling_60m_std,-59,0,True
blast_furnace_user4__roll_180m_mean,blast_furnace_user4,rolling_180m_mean,-179,0,True
blast_furnace_user4__roll_180m_std,blast_furnace_user4,rolling_180m_std,-179,0,True
blast_furnace_user4__roll_720m_mean,blast_furnace_user4,rolling_720m_mean,-719,0,True
blast_furnace_user4__roll_720m_std,blast_furnace_user4,rolling_720m_std,-719,0,True
blast_furnace_user4__roll_1440m_mean,blast_furnace_user4,rolling_1440m_mean,-1439,0,True
blast_furnace_user4__roll_1440m_std,blast_furnace_user4,rolling_1440m_std,-1439,0,True
converter_user1,converter_user1,current,0,0,True
converter_user1__lag_15m,converter_user1,lag_15m,-15,-15,True
converter_user1__lag_60m,converter_user1,lag_60m,-60,-60,True
converter_user1__lag_180m,converter_user1,lag_180m,-180,-180,True
converter_user1__lag_720m,converter_user1,lag_720m,-720,-720,True
converter_user1__lag_1440m,converter_user1,lag_1440m,-1440,-1440,True
converter_user1__roll_15m_mean,converter_user1,rolling_15m_mean,-14,0,True
converter_user1__roll_15m_std,converter_user1,rolling_15m_std,-14,0,True
converter_user1__roll_60m_mean,converter_user1,rolling_60m_mean,-59,0,True
converter_user1__roll_60m_std,converter_user1,rolling_60m_std,-59,0,True
converter_user1__roll_180m_mean,converter_user1,rolling_180m_mean,-179,0,True
converter_user1__roll_180m_std,converter_user1,rolling_180m_std,-179,0,True
converter_user1__roll_720m_mean,converter_user1,rolling_720m_mean,-719,0,True
converter_user1__roll_720m_std,converter_user1,rolling_720m_std,-719,0,True
converter_user1__roll_1440m_mean,converter_user1,rolling_1440m_mean,-1439,0,True
converter_user1__roll_1440m_std,converter_user1,rolling_1440m_std,-1439,0,True
converter_user2,converter_user2,current,0,0,True
converter_user2__lag_15m,converter_user2,lag_15m,-15,-15,True
converter_user2__lag_60m,converter_user2,lag_60m,-60,-60,True
converter_user2__lag_180m,converter_user2,lag_180m,-180,-180,True
converter_user2__lag_720m,converter_user2,lag_720m,-720,-720,True
converter_user2__lag_1440m,converter_user2,lag_1440m,-1440,-1440,True
converter_user2__roll_15m_mean,converter_user2,rolling_15m_mean,-14,0,True
converter_user2__roll_15m_std,converter_user2,rolling_15m_std,-14,0,True
converter_user2__roll_60m_mean,converter_user2,rolling_60m_mean,-59,0,True
converter_user2__roll_60m_std,converter_user2,rolling_60m_std,-59,0,True
converter_user2__roll_180m_mean,converter_user2,rolling_180m_mean,-179,0,True
converter_user2__roll_180m_std,converter_user2,rolling_180m_std,-179,0,True
converter_user2__roll_720m_mean,converter_user2,rolling_720m_mean,-719,0,True
converter_user2__roll_720m_std,converter_user2,rolling_720m_std,-719,0,True
converter_user2__roll_1440m_mean,converter_user2,rolling_1440m_mean,-1439,0,True
converter_user2__roll_1440m_std,converter_user2,rolling_1440m_std,-1439,0,True
blast_furnace_gas_holder_1,blast_furnace_gas_holder_1,current,0,0,True
blast_furnace_gas_holder_1__lag_15m,blast_furnace_gas_holder_1,lag_15m,-15,-15,True
blast_furnace_gas_holder_1__lag_60m,blast_furnace_gas_holder_1,lag_60m,-60,-60,True
blast_furnace_gas_holder_1__lag_180m,blast_furnace_gas_holder_1,lag_180m,-180,-180,True
blast_furnace_gas_holder_1__lag_720m,blast_furnace_gas_holder_1,lag_720m,-720,-720,True
blast_furnace_gas_holder_1__lag_1440m,blast_furnace_gas_holder_1,lag_1440m,-1440,-1440,True
blast_furnace_gas_holder_1__roll_15m_mean,blast_furnace_gas_holder_1,rolling_15m_mean,-14,0,True
blast_furnace_gas_holder_1__roll_15m_std,blast_furnace_gas_holder_1,rolling_15m_std,-14,0,True
blast_furnace_gas_holder_1__roll_60m_mean,blast_furnace_gas_holder_1,rolling_60m_mean,-59,0,True
blast_furnace_gas_holder_1__roll_60m_std,blast_furnace_gas_holder_1,rolling_60m_std,-59,0,True
blast_furnace_gas_holder_1__roll_180m_mean,blast_furnace_gas_holder_1,rolling_180m_mean,-179,0,True
blast_furnace_gas_holder_1__roll_180m_std,blast_furnace_gas_holder_1,rolling_180m_std,-179,0,True
blast_furnace_gas_holder_1__roll_720m_mean,blast_furnace_gas_holder_1,rolling_720m_mean,-719,0,True
blast_furnace_gas_holder_1__roll_720m_std,blast_furnace_gas_holder_1,rolling_720m_std,-719,0,True
blast_furnace_gas_holder_1__roll_1440m_mean,blast_furnace_gas_holder_1,rolling_1440m_mean,-1439,0,True
blast_furnace_gas_holder_1__roll_1440m_std,blast_furnace_gas_holder_1,rolling_1440m_std,-1439,0,True
blast_furnace_gas_holder_2,blast_furnace_gas_holder_2,current,0,0,True
blast_furnace_gas_holder_2__lag_15m,blast_furnace_gas_holder_2,lag_15m,-15,-15,True
blast_furnace_gas_holder_2__lag_60m,blast_furnace_gas_holder_2,lag_60m,-60,-60,True
blast_furnace_gas_holder_2__lag_180m,blast_furnace_gas_holder_2,lag_180m,-180,-180,True
blast_furnace_gas_holder_2__lag_720m,blast_furnace_gas_holder_2,lag_720m,-720,-720,True
blast_furnace_gas_holder_2__lag_1440m,blast_furnace_gas_holder_2,lag_1440m,-1440,-1440,True
blast_furnace_gas_holder_2__roll_15m_mean,blast_furnace_gas_holder_2,rolling_15m_mean,-14,0,True
blast_furnace_gas_holder_2__roll_15m_std,blast_furnace_gas_holder_2,rolling_15m_std,-14,0,True
blast_furnace_gas_holder_2__roll_60m_mean,blast_furnace_gas_holder_2,rolling_60m_mean,-59,0,True
blast_furnace_gas_holder_2__roll_60m_std,blast_furnace_gas_holder_2,rolling_60m_std,-59,0,True
blast_furnace_gas_holder_2__roll_180m_mean,blast_furnace_gas_holder_2,rolling_180m_mean,-179,0,True
blast_furnace_gas_holder_2__roll_180m_std,blast_furnace_gas_holder_2,rolling_180m_std,-179,0,True
blast_furnace_gas_holder_2__roll_720m_mean,blast_furnace_gas_holder_2,rolling_720m_mean,-719,0,True
blast_furnace_gas_holder_2__roll_720m_std,blast_furnace_gas_holder_2,rolling_720m_std,-719,0,True
blast_furnace_gas_holder_2__roll_1440m_mean,blast_furnace_gas_holder_2,rolling_1440m_mean,-1439,0,True
blast_furnace_gas_holder_2__roll_1440m_std,blast_furnace_gas_holder_2,rolling_1440m_std,-1439,0,True
generator_use_blast_furnace_gas,generator_use_blast_furnace_gas,current,0,0,True
generator_use_blast_furnace_gas__lag_15m,generator_use_blast_furnace_gas,lag_15m,-15,-15,True
generator_use_blast_furnace_gas__lag_60m,generator_use_blast_furnace_gas,lag_60m,-60,-60,True
generator_use_blast_furnace_gas__lag_180m,generator_use_blast_furnace_gas,lag_180m,-180,-180,True
generator_use_blast_furnace_gas__lag_720m,generator_use_blast_furnace_gas,lag_720m,-720,-720,True
generator_use_blast_furnace_gas__lag_1440m,generator_use_blast_furnace_gas,lag_1440m,-1440,-1440,True
generator_use_blast_furnace_gas__roll_15m_mean,generator_use_blast_furnace_gas,rolling_15m_mean,-14,0,True
generator_use_blast_furnace_gas__roll_15m_std,generator_use_blast_furnace_gas,rolling_15m_std,-14,0,True
generator_use_blast_furnace_gas__roll_60m_mean,generator_use_blast_furnace_gas,rolling_60m_mean,-59,0,True
generator_use_blast_furnace_gas__roll_60m_std,generator_use_blast_furnace_gas,rolling_60m_std,-59,0,True
generator_use_blast_furnace_gas__roll_180m_mean,generator_use_blast_furnace_gas,rolling_180m_mean,-179,0,True
generator_use_blast_furnace_gas__roll_180m_std,generator_use_blast_furnace_gas,rolling_180m_std,-179,0,True
generator_use_blast_furnace_gas__roll_720m_mean,generator_use_blast_furnace_gas,rolling_720m_mean,-719,0,True
generator_use_blast_furnace_gas__roll_720m_std,generator_use_blast_furnace_gas,rolling_720m_std,-719,0,True
generator_use_blast_furnace_gas__roll_1440m_mean,generator_use_blast_furnace_gas,rolling_1440m_mean,-1439,0,True
generator_use_blast_furnace_gas__roll_1440m_std,generator_use_blast_furnace_gas,rolling_1440m_std,-1439,0,True
generator_use_coke_gas,generator_use_coke_gas,current,0,0,True
generator_use_coke_gas__lag_15m,generator_use_coke_gas,lag_15m,-15,-15,True
generator_use_coke_gas__lag_60m,generator_use_coke_gas,lag_60m,-60,-60,True
generator_use_coke_gas__lag_180m,generator_use_coke_gas,lag_180m,-180,-180,True
generator_use_coke_gas__lag_720m,generator_use_coke_gas,lag_720m,-720,-720,True
generator_use_coke_gas__lag_1440m,generator_use_coke_gas,lag_1440m,-1440,-1440,True
generator_use_coke_gas__roll_15m_mean,generator_use_coke_gas,rolling_15m_mean,-14,0,True
generator_use_coke_gas__roll_15m_std,generator_use_coke_gas,rolling_15m_std,-14,0,True
generator_use_coke_gas__roll_60m_mean,generator_use_coke_gas,rolling_60m_mean,-59,0,True
generator_use_coke_gas__roll_60m_std,generator_use_coke_gas,rolling_60m_std,-59,0,True
generator_use_coke_gas__roll_180m_mean,generator_use_coke_gas,rolling_180m_mean,-179,0,True
generator_use_coke_gas__roll_180m_std,generator_use_coke_gas,rolling_180m_std,-179,0,True
generator_use_coke_gas__roll_720m_mean,generator_use_coke_gas,rolling_720m_mean,-719,0,True
generator_use_coke_gas__roll_720m_std,generator_use_coke_gas,rolling_720m_std,-719,0,True
generator_use_coke_gas__roll_1440m_mean,generator_use_coke_gas,rolling_1440m_mean,-1439,0,True
generator_use_coke_gas__roll_1440m_std,generator_use_coke_gas,rolling_1440m_std,-1439,0,True
generator_use_converter_gas,generator_use_converter_gas,current,0,0,True
generator_use_converter_gas__lag_15m,generator_use_converter_gas,lag_15m,-15,-15,True
generator_use_converter_gas__lag_60m,generator_use_converter_gas,lag_60m,-60,-60,True
generator_use_converter_gas__lag_180m,generator_use_converter_gas,lag_180m,-180,-180,True
generator_use_converter_gas__lag_720m,generator_use_converter_gas,lag_720m,-720,-720,True
generator_use_converter_gas__lag_1440m,generator_use_converter_gas,lag_1440m,-1440,-1440,True
generator_use_converter_gas__roll_15m_mean,generator_use_converter_gas,rolling_15m_mean,-14,0,True
generator_use_converter_gas__roll_15m_std,generator_use_converter_gas,rolling_15m_std,-14,0,True
generator_use_converter_gas__roll_60m_mean,generator_use_converter_gas,rolling_60m_mean,-59,0,True
generator_use_converter_gas__roll_60m_std,generator_use_converter_gas,rolling_60m_std,-59,0,True
generator_use_converter_gas__roll_180m_mean,generator_use_converter_gas,rolling_180m_mean,-179,0,True
generator_use_converter_gas__roll_180m_std,generator_use_converter_gas,rolling_180m_std,-179,0,True
generator_use_converter_gas__roll_720m_mean,generator_use_converter_gas,rolling_720m_mean,-719,0,True
generator_use_converter_gas__roll_720m_std,generator_use_converter_gas,rolling_720m_std,-719,0,True
generator_use_converter_gas__roll_1440m_mean,generator_use_converter_gas,rolling_1440m_mean,-1439,0,True
generator_use_converter_gas__roll_1440m_std,generator_use_converter_gas,rolling_1440m_std,-1439,0,True
blast_furnace_production_sum_observed,blast_furnace_production_sum_observed,current,0,0,True
blast_furnace_production_sum_observed__lag_15m,blast_furnace_production_sum_observed,lag_15m,-15,-15,True
blast_furnace_production_sum_observed__lag_60m,blast_furnace_production_sum_observed,lag_60m,-60,-60,True
blast_furnace_production_sum_observed__lag_180m,blast_furnace_production_sum_observed,lag_180m,-180,-180,True
blast_furnace_production_sum_observed__lag_720m,blast_furnace_production_sum_observed,lag_720m,-720,-720,True
blast_furnace_production_sum_observed__lag_1440m,blast_furnace_production_sum_observed,lag_1440m,-1440,-1440,True
blast_furnace_production_sum_observed__roll_15m_mean,blast_furnace_production_sum_observed,rolling_15m_mean,-14,0,True
blast_furnace_production_sum_observed__roll_15m_std,blast_furnace_production_sum_observed,rolling_15m_std,-14,0,True
blast_furnace_production_sum_observed__roll_60m_mean,blast_furnace_production_sum_observed,rolling_60m_mean,-59,0,True
blast_furnace_production_sum_observed__roll_60m_std,blast_furnace_production_sum_observed,rolling_60m_std,-59,0,True
blast_furnace_production_sum_observed__roll_180m_mean,blast_furnace_production_sum_observed,rolling_180m_mean,-179,0,True
blast_furnace_production_sum_observed__roll_180m_std,blast_furnace_production_sum_observed,rolling_180m_std,-179,0,True
blast_furnace_production_sum_observed__roll_720m_mean,blast_furnace_production_sum_observed,rolling_720m_mean,-719,0,True
blast_furnace_production_sum_observed__roll_720m_std,blast_furnace_production_sum_observed,rolling_720m_std,-719,0,True
blast_furnace_production_sum_observed__roll_1440m_mean,blast_furnace_production_sum_observed,rolling_1440m_mean,-1439,0,True
blast_furnace_production_sum_observed__roll_1440m_std,blast_furnace_production_sum_observed,rolling_1440m_std,-1439,0,True
blast_furnace_production_observed_count,blast_furnace_production_observed_count,current,0,0,True
blast_furnace_production_observed_count__lag_15m,blast_furnace_production_observed_count,lag_15m,-15,-15,True
blast_furnace_production_observed_count__lag_60m,blast_furnace_production_observed_count,lag_60m,-60,-60,True
blast_furnace_production_observed_count__lag_180m,blast_furnace_production_observed_count,lag_180m,-180,-180,True
blast_furnace_production_observed_count__lag_720m,blast_furnace_production_observed_count,lag_720m,-720,-720,True
blast_furnace_production_observed_count__lag_1440m,blast_furnace_production_observed_count,lag_1440m,-1440,-1440,True
blast_furnace_production_observed_count__roll_15m_mean,blast_furnace_production_observed_count,rolling_15m_mean,-14,0,True
blast_furnace_production_observed_count__roll_15m_std,blast_furnace_production_observed_count,rolling_15m_std,-14,0,True
blast_furnace_production_observed_count__roll_60m_mean,blast_furnace_production_observed_count,rolling_60m_mean,-59,0,True
blast_furnace_production_observed_count__roll_60m_std,blast_furnace_production_observed_count,rolling_60m_std,-59,0,True
blast_furnace_production_observed_count__roll_180m_mean,blast_furnace_production_observed_count,rolling_180m_mean,-179,0,True
blast_furnace_production_observed_count__roll_180m_std,blast_furnace_production_observed_count,rolling_180m_std,-179,0,True
blast_furnace_production_observed_count__roll_720m_mean,blast_furnace_production_observed_count,rolling_720m_mean,-719,0,True
blast_furnace_production_observed_count__roll_720m_std,blast_furnace_production_observed_count,rolling_720m_std,-719,0,True
blast_furnace_production_observed_count__roll_1440m_mean,blast_furnace_production_observed_count,rolling_1440m_mean,-1439,0,True
blast_furnace_production_observed_count__roll_1440m_std,blast_furnace_production_observed_count,rolling_1440m_std,-1439,0,True
blast_furnace_user_sum_observed,blast_furnace_user_sum_observed,current,0,0,True
blast_furnace_user_sum_observed__lag_15m,blast_furnace_user_sum_observed,lag_15m,-15,-15,True
blast_furnace_user_sum_observed__lag_60m,blast_furnace_user_sum_observed,lag_60m,-60,-60,True
blast_furnace_user_sum_observed__lag_180m,blast_furnace_user_sum_observed,lag_180m,-180,-180,True
blast_furnace_user_sum_observed__lag_720m,blast_furnace_user_sum_observed,lag_720m,-720,-720,True
blast_furnace_user_sum_observed__lag_1440m,blast_furnace_user_sum_observed,lag_1440m,-1440,-1440,True
blast_furnace_user_sum_observed__roll_15m_mean,blast_furnace_user_sum_observed,rolling_15m_mean,-14,0,True
blast_furnace_user_sum_observed__roll_15m_std,blast_furnace_user_sum_observed,rolling_15m_std,-14,0,True
blast_furnace_user_sum_observed__roll_60m_mean,blast_furnace_user_sum_observed,rolling_60m_mean,-59,0,True
blast_furnace_user_sum_observed__roll_60m_std,blast_furnace_user_sum_observed,rolling_60m_std,-59,0,True
blast_furnace_user_sum_observed__roll_180m_mean,blast_furnace_user_sum_observed,rolling_180m_mean,-179,0,True
blast_furnace_user_sum_observed__roll_180m_std,blast_furnace_user_sum_observed,rolling_180m_std,-179,0,True
blast_furnace_user_sum_observed__roll_720m_mean,blast_furnace_user_sum_observed,rolling_720m_mean,-719,0,True
blast_furnace_user_sum_observed__roll_720m_std,blast_furnace_user_sum_observed,rolling_720m_std,-719,0,True
blast_furnace_user_sum_observed__roll_1440m_mean,blast_furnace_user_sum_observed,rolling_1440m_mean,-1439,0,True
blast_furnace_user_sum_observed__roll_1440m_std,blast_furnace_user_sum_observed,rolling_1440m_std,-1439,0,True
blast_furnace_user_observed_count,blast_furnace_user_observed_count,current,0,0,True
blast_furnace_user_observed_count__lag_15m,blast_furnace_user_observed_count,lag_15m,-15,-15,True
blast_furnace_user_observed_count__lag_60m,blast_furnace_user_observed_count,lag_60m,-60,-60,True
blast_furnace_user_observed_count__lag_180m,blast_furnace_user_observed_count,lag_180m,-180,-180,True
blast_furnace_user_observed_count__lag_720m,blast_furnace_user_observed_count,lag_720m,-720,-720,True
blast_furnace_user_observed_count__lag_1440m,blast_furnace_user_observed_count,lag_1440m,-1440,-1440,True
blast_furnace_user_observed_count__roll_15m_mean,blast_furnace_user_observed_count,rolling_15m_mean,-14,0,True
blast_furnace_user_observed_count__roll_15m_std,blast_furnace_user_observed_count,rolling_15m_std,-14,0,True
blast_furnace_user_observed_count__roll_60m_mean,blast_furnace_user_observed_count,rolling_60m_mean,-59,0,True
blast_furnace_user_observed_count__roll_60m_std,blast_furnace_user_observed_count,rolling_60m_std,-59,0,True
blast_furnace_user_observed_count__roll_180m_mean,blast_furnace_user_observed_count,rolling_180m_mean,-179,0,True
blast_furnace_user_observed_count__roll_180m_std,blast_furnace_user_observed_count,rolling_180m_std,-179,0,True
blast_furnace_user_observed_count__roll_720m_mean,blast_furnace_user_observed_count,rolling_720m_mean,-719,0,True
blast_furnace_user_observed_count__roll_720m_std,blast_furnace_user_observed_count,rolling_720m_std,-719,0,True
blast_furnace_user_observed_count__roll_1440m_mean,blast_furnace_user_observed_count,rolling_1440m_mean,-1439,0,True
blast_furnace_user_observed_count__roll_1440m_std,blast_furnace_user_observed_count,rolling_1440m_std,-1439,0,True
generator_use_total_observed,generator_use_total_observed,current,0,0,True
generator_use_total_observed__lag_15m,generator_use_total_observed,lag_15m,-15,-15,True
generator_use_total_observed__lag_60m,generator_use_total_observed,lag_60m,-60,-60,True
generator_use_total_observed__lag_180m,generator_use_total_observed,lag_180m,-180,-180,True
generator_use_total_observed__lag_720m,generator_use_total_observed,lag_720m,-720,-720,True
generator_use_total_observed__lag_1440m,generator_use_total_observed,lag_1440m,-1440,-1440,True
generator_use_total_observed__roll_15m_mean,generator_use_total_observed,rolling_15m_mean,-14,0,True
generator_use_total_observed__roll_15m_std,generator_use_total_observed,rolling_15m_std,-14,0,True
generator_use_total_observed__roll_60m_mean,generator_use_total_observed,rolling_60m_mean,-59,0,True
generator_use_total_observed__roll_60m_std,generator_use_total_observed,rolling_60m_std,-59,0,True
generator_use_total_observed__roll_180m_mean,generator_use_total_observed,rolling_180m_mean,-179,0,True
generator_use_total_observed__roll_180m_std,generator_use_total_observed,rolling_180m_std,-179,0,True
generator_use_total_observed__roll_720m_mean,generator_use_total_observed,rolling_720m_mean,-719,0,True
generator_use_total_observed__roll_720m_std,generator_use_total_observed,rolling_720m_std,-719,0,True
generator_use_total_observed__roll_1440m_mean,generator_use_total_observed,rolling_1440m_mean,-1439,0,True
generator_use_total_observed__roll_1440m_std,generator_use_total_observed,rolling_1440m_std,-1439,0,True
generator_use_observed_count,generator_use_observed_count,current,0,0,True
generator_use_observed_count__lag_15m,generator_use_observed_count,lag_15m,-15,-15,True
generator_use_observed_count__lag_60m,generator_use_observed_count,lag_60m,-60,-60,True
generator_use_observed_count__lag_180m,generator_use_observed_count,lag_180m,-180,-180,True
generator_use_observed_count__lag_720m,generator_use_observed_count,lag_720m,-720,-720,True
generator_use_observed_count__lag_1440m,generator_use_observed_count,lag_1440m,-1440,-1440,True
generator_use_observed_count__roll_15m_mean,generator_use_observed_count,rolling_15m_mean,-14,0,True
generator_use_observed_count__roll_15m_std,generator_use_observed_count,rolling_15m_std,-14,0,True
generator_use_observed_count__roll_60m_mean,generator_use_observed_count,rolling_60m_mean,-59,0,True
generator_use_observed_count__roll_60m_std,generator_use_observed_count,rolling_60m_std,-59,0,True
generator_use_observed_count__roll_180m_mean,generator_use_observed_count,rolling_180m_mean,-179,0,True
generator_use_observed_count__roll_180m_std,generator_use_observed_count,rolling_180m_std,-179,0,True
generator_use_observed_count__roll_720m_mean,generator_use_observed_count,rolling_720m_mean,-719,0,True
generator_use_observed_count__roll_720m_std,generator_use_observed_count,rolling_720m_std,-719,0,True
generator_use_observed_count__roll_1440m_mean,generator_use_observed_count,rolling_1440m_mean,-1439,0,True
generator_use_observed_count__roll_1440m_std,generator_use_observed_count,rolling_1440m_std,-1439,0,True
gas_holder_sum_observed,gas_holder_sum_observed,current,0,0,True
gas_holder_sum_observed__lag_15m,gas_holder_sum_observed,lag_15m,-15,-15,True
gas_holder_sum_observed__lag_60m,gas_holder_sum_observed,lag_60m,-60,-60,True
gas_holder_sum_observed__lag_180m,gas_holder_sum_observed,lag_180m,-180,-180,True
gas_holder_sum_observed__lag_720m,gas_holder_sum_observed,lag_720m,-720,-720,True
gas_holder_sum_observed__lag_1440m,gas_holder_sum_observed,lag_1440m,-1440,-1440,True
gas_holder_sum_observed__roll_15m_mean,gas_holder_sum_observed,rolling_15m_mean,-14,0,True
gas_holder_sum_observed__roll_15m_std,gas_holder_sum_observed,rolling_15m_std,-14,0,True
gas_holder_sum_observed__roll_60m_mean,gas_holder_sum_observed,rolling_60m_mean,-59,0,True
gas_holder_sum_observed__roll_60m_std,gas_holder_sum_observed,rolling_60m_std,-59,0,True
gas_holder_sum_observed__roll_180m_mean,gas_holder_sum_observed,rolling_180m_mean,-179,0,True
gas_holder_sum_observed__roll_180m_std,gas_holder_sum_observed,rolling_180m_std,-179,0,True
gas_holder_sum_observed__roll_720m_mean,gas_holder_sum_observed,rolling_720m_mean,-719,0,True
gas_holder_sum_observed__roll_720m_std,gas_holder_sum_observed,rolling_720m_std,-719,0,True
gas_holder_sum_observed__roll_1440m_mean,gas_holder_sum_observed,rolling_1440m_mean,-1439,0,True
gas_holder_sum_observed__roll_1440m_std,gas_holder_sum_observed,rolling_1440m_std,-1439,0,True
blast_furnace_1__missing_fraction_60m,blast_furnace_1__missing,rolling_60m_mean,-59,0,True
blast_furnace_1__missing_fraction_1440m,blast_furnace_1__missing,rolling_1440m_mean,-1439,0,True
blast_furnace_2__missing_fraction_60m,blast_furnace_2__missing,rolling_60m_mean,-59,0,True
blast_furnace_2__missing_fraction_1440m,blast_furnace_2__missing,rolling_1440m_mean,-1439,0,True
blast_furnace_3__missing_fraction_60m,blast_furnace_3__missing,rolling_60m_mean,-59,0,True
blast_furnace_3__missing_fraction_1440m,blast_furnace_3__missing,rolling_1440m_mean,-1439,0,True
blast_furnace_4__missing_fraction_60m,blast_furnace_4__missing,rolling_60m_mean,-59,0,True
blast_furnace_4__missing_fraction_1440m,blast_furnace_4__missing,rolling_1440m_mean,-1439,0,True
blast_furnace_5__missing_fraction_60m,blast_furnace_5__missing,rolling_60m_mean,-59,0,True
blast_furnace_5__missing_fraction_1440m,blast_furnace_5__missing,rolling_1440m_mean,-1439,0,True
coke_oven_1__missing_fraction_60m,coke_oven_1__missing,rolling_60m_mean,-59,0,True
coke_oven_1__missing_fraction_1440m,coke_oven_1__missing,rolling_1440m_mean,-1439,0,True
converter_1__missing_fraction_60m,converter_1__missing,rolling_60m_mean,-59,0,True
converter_1__missing_fraction_1440m,converter_1__missing,rolling_1440m_mean,-1439,0,True
air_heater_1__missing_fraction_60m,air_heater_1__missing,rolling_60m_mean,-59,0,True
air_heater_1__missing_fraction_1440m,air_heater_1__missing,rolling_1440m_mean,-1439,0,True
air_heater_2__missing_fraction_60m,air_heater_2__missing,rolling_60m_mean,-59,0,True
air_heater_2__missing_fraction_1440m,air_heater_2__missing,rolling_1440m_mean,-1439,0,True
air_heater_3__missing_fraction_60m,air_heater_3__missing,rolling_60m_mean,-59,0,True
air_heater_3__missing_fraction_1440m,air_heater_3__missing,rolling_1440m_mean,-1439,0,True
air_heater_4__missing_fraction_60m,air_heater_4__missing,rolling_60m_mean,-59,0,True
air_heater_4__missing_fraction_1440m,air_heater_4__missing,rolling_1440m_mean,-1439,0,True
air_heater_5__missing_fraction_60m,air_heater_5__missing,rolling_60m_mean,-59,0,True
air_heater_5__missing_fraction_1440m,air_heater_5__missing,rolling_1440m_mean,-1439,0,True
into_gas_mixed_coke__missing_fraction_60m,into_gas_mixed_coke__missing,rolling_60m_mean,-59,0,True
into_gas_mixed_coke__missing_fraction_1440m,into_gas_mixed_coke__missing,rolling_1440m_mean,-1439,0,True
into_gas_mixed_blast_furnace__missing_fraction_60m,into_gas_mixed_blast_furnace__missing,rolling_60m_mean,-59,0,True
into_gas_mixed_blast_furnace__missing_fraction_1440m,into_gas_mixed_blast_furnace__missing,rolling_1440m_mean,-1439,0,True
into_gas_mixed_converter__missing_fraction_60m,into_gas_mixed_converter__missing,rolling_60m_mean,-59,0,True
into_gas_mixed_converter__missing_fraction_1440m,into_gas_mixed_converter__missing,rolling_1440m_mean,-1439,0,True
blast_furnace_user1__missing_fraction_60m,blast_furnace_user1__missing,rolling_60m_mean,-59,0,True
blast_furnace_user1__missing_fraction_1440m,blast_furnace_user1__missing,rolling_1440m_mean,-1439,0,True
blast_furnace_user2__missing_fraction_60m,blast_furnace_user2__missing,rolling_60m_mean,-59,0,True
blast_furnace_user2__missing_fraction_1440m,blast_furnace_user2__missing,rolling_1440m_mean,-1439,0,True
blast_furnace_user3__missing_fraction_60m,blast_furnace_user3__missing,rolling_60m_mean,-59,0,True
blast_furnace_user3__missing_fraction_1440m,blast_furnace_user3__missing,rolling_1440m_mean,-1439,0,True
blast_furnace_user4__missing_fraction_60m,blast_furnace_user4__missing,rolling_60m_mean,-59,0,True
blast_furnace_user4__missing_fraction_1440m,blast_furnace_user4__missing,rolling_1440m_mean,-1439,0,True
converter_user1__missing_fraction_60m,converter_user1__missing,rolling_60m_mean,-59,0,True
converter_user1__missing_fraction_1440m,converter_user1__missing,rolling_1440m_mean,-1439,0,True
converter_user2__missing_fraction_60m,converter_user2__missing,rolling_60m_mean,-59,0,True
converter_user2__missing_fraction_1440m,converter_user2__missing,rolling_1440m_mean,-1439,0,True
blast_furnace_gas_holder_1__missing_fraction_60m,blast_furnace_gas_holder_1__missing,rolling_60m_mean,-59,0,True
blast_furnace_gas_holder_1__missing_fraction_1440m,blast_furnace_gas_holder_1__missing,rolling_1440m_mean,-1439,0,True
blast_furnace_gas_holder_2__missing_fraction_60m,blast_furnace_gas_holder_2__missing,rolling_60m_mean,-59,0,True
blast_furnace_gas_holder_2__missing_fraction_1440m,blast_furnace_gas_holder_2__missing,rolling_1440m_mean,-1439,0,True
generator_use_blast_furnace_gas__missing_fraction_60m,generator_use_blast_furnace_gas__missing,rolling_60m_mean,-59,0,True
generator_use_blast_furnace_gas__missing_fraction_1440m,generator_use_blast_furnace_gas__missing,rolling_1440m_mean,-1439,0,True
generator_use_coke_gas__missing_fraction_60m,generator_use_coke_gas__missing,rolling_60m_mean,-59,0,True
generator_use_coke_gas__missing_fraction_1440m,generator_use_coke_gas__missing,rolling_1440m_mean,-1439,0,True
generator_use_converter_gas__missing_fraction_60m,generator_use_converter_gas__missing,rolling_60m_mean,-59,0,True
generator_use_converter_gas__missing_fraction_1440m,generator_use_converter_gas__missing,rolling_1440m_mean,-1439,0,True
blast_furnace_1__missing,blast_furnace_1__missing,current_state_indicator,0,0,True
blast_furnace_2__missing,blast_furnace_2__missing,current_state_indicator,0,0,True
blast_furnace_3__missing,blast_furnace_3__missing,current_state_indicator,0,0,True
blast_furnace_4__missing,blast_furnace_4__missing,current_state_indicator,0,0,True
blast_furnace_5__missing,blast_furnace_5__missing,current_state_indicator,0,0,True
coke_oven_1__missing,coke_oven_1__missing,current_state_indicator,0,0,True
converter_1__missing,converter_1__missing,current_state_indicator,0,0,True
air_heater_1__missing,air_heater_1__missing,current_state_indicator,0,0,True
air_heater_2__missing,air_heater_2__missing,current_state_indicator,0,0,True
air_heater_3__missing,air_heater_3__missing,current_state_indicator,0,0,True
air_heater_4__missing,air_heater_4__missing,current_state_indicator,0,0,True
air_heater_5__missing,air_heater_5__missing,current_state_indicator,0,0,True
into_gas_mixed_coke__missing,into_gas_mixed_coke__missing,current_state_indicator,0,0,True
into_gas_mixed_blast_furnace__missing,into_gas_mixed_blast_furnace__missing,current_state_indicator,0,0,True
into_gas_mixed_converter__missing,into_gas_mixed_converter__missing,current_state_indicator,0,0,True
timestamp_inserted__gas,timestamp_inserted__gas,current_state_indicator,0,0,True
blast_furnace_user1__missing,blast_furnace_user1__missing,current_state_indicator,0,0,True
blast_furnace_user2__missing,blast_furnace_user2__missing,current_state_indicator,0,0,True
blast_furnace_user3__missing,blast_furnace_user3__missing,current_state_indicator,0,0,True
blast_furnace_user4__missing,blast_furnace_user4__missing,current_state_indicator,0,0,True
converter_user1__missing,converter_user1__missing,current_state_indicator,0,0,True
converter_user2__missing,converter_user2__missing,current_state_indicator,0,0,True
timestamp_inserted__gas_user,timestamp_inserted__gas_user,current_state_indicator,0,0,True
blast_furnace_gas_holder_1__missing,blast_furnace_gas_holder_1__missing,current_state_indicator,0,0,True
blast_furnace_gas_holder_2__missing,blast_furnace_gas_holder_2__missing,current_state_indicator,0,0,True
timestamp_inserted__gas_holder,timestamp_inserted__gas_holder,current_state_indicator,0,0,True
generator_use_blast_furnace_gas__missing,generator_use_blast_furnace_gas__missing,current_state_indicator,0,0,True
generator_use_coke_gas__missing,generator_use_coke_gas__missing,current_state_indicator,0,0,True
generator_use_converter_gas__missing,generator_use_converter_gas__missing,current_state_indicator,0,0,True
timestamp_inserted__load_process,timestamp_inserted__load_process,current_state_indicator,0,0,True
air_heater_3__active,air_heater_3__active,current_state_indicator,0,0,True
blast_furnace_3__active,blast_furnace_3__active,current_state_indicator,0,0,True
blast_furnace_gas_holder_1__active,blast_furnace_gas_holder_1__active,current_state_indicator,0,0,True
hour_sin,datetime,calendar,0,0,True
hour_cos,datetime,calendar,0,0,True
minute_sin,datetime,calendar,0,0,True
minute_cos,datetime,calendar,0,0,True
dayofweek_sin,datetime,calendar,0,0,True
dayofweek_cos,datetime,calendar,0,0,True
is_weekend,datetime,calendar,0,0,True
month,datetime,calendar,0,0,True
day_of_month,datetime,calendar,0,0,True
