episode_id,first_event_date,last_event_date,episode_start,episode_end,event_day_count,flagged_points,min_ratio,member_event_day_ids
train_episode_01,2025-05-09 00:00:00,2025-05-09 00:00:00,2025-05-09 11:30:00,2025-05-09 17:15:00,1,24,0.7720769144,train_day_01
train_episode_02,2025-05-18 00:00:00,2025-05-19 00:00:00,2025-05-18 02:15:00,2025-05-19 14:30:00,2,29,0.7619322053,train_day_02|train_day_03
train_episode_03,2025-05-22 00:00:00,2025-05-22 00:00:00,2025-05-22 11:30:00,2025-05-22 19:30:00,1,33,0.7252102464,train_day_04
train_episode_04,2025-05-28 00:00:00,2025-05-28 00:00:00,2025-05-28 00:30:00,2025-05-28 02:30:00,1,9,0.7702624157,train_day_05
train_episode_05,2025-05-31 00:00:00,2025-05-31 00:00:00,2025-05-31 13:00:00,2025-05-31 16:30:00,1,15,0.7187421688,train_day_06
train_episode_06,2025-06-30 00:00:00,2025-07-05 00:00:00,2025-06-30 10:15:00,2025-07-05 08:00:00,6,316,0.6115088839,train_day_07|train_day_08|train_day_09|train_day_10|train_day_11|train_day_12
train_episode_07,2025-07-28 00:00:00,2025-08-01 00:00:00,2025-07-28 16:30:00,2025-08-01 17:45:00,5,242,0.6566668717,train_day_13|train_day_14|train_day_15|train_day_16|train_day_17
train_episode_08,2025-08-11 00:00:00,2025-08-11 00:00:00,2025-08-11 12:15:00,2025-08-11 12:45:00,1,3,0.7923092159,train_day_18
train_episode_09,2025-08-21 00:00:00,2025-08-21 00:00:00,2025-08-21 08:45:00,2025-08-21 17:15:00,1,35,0.6610056078,train_day_19
train_episode_10,2025-09-12 00:00:00,2025-09-12 00:00:00,2025-09-12 13:00:00,2025-09-12 14:30:00,1,7,0.7921917947,train_day_20
train_episode_11,2025-09-15 00:00:00,2025-09-15 00:00:00,2025-09-15 11:45:00,2025-09-15 15:30:00,1,16,0.6415223249,train_day_21
train_episode_12,2025-09-19 00:00:00,2025-09-19 00:00:00,2025-09-19 12:30:00,2025-09-19 13:30:00,1,5,0.7922443488,train_day_22
train_episode_13,2025-09-26 00:00:00,2025-09-27 00:00:00,2025-09-26 09:00:00,2025-09-27 05:15:00,2,59,0.7185829602,train_day_23|train_day_24
